差分種別,差分検出日,物件番号,物件種目,専有面積,所在地,取引態様,価格,用途地域,㎡単価,建物名,所在階,間取,取引状況,管理費,坪単価,沿線駅,交通,商号,築年月,電話番号,変更内容
削除,2025-12-08,100135977748,中古マンション,82.26㎡,東京都渋谷区幡ヶ谷３丁目,売主,"11,999万円",一住,145.9万円,幡ヶ谷ハイムグランシス,9階,3ＬＤＫ,-,"14,680円",482.3万円,京王線　幡ヶ谷,徒歩　7分,（株）未来都市開発,1998年（平成10年） 3月,080-3029-3277,
削除,2025-12-08,100136724774,中古マンション,68.15㎡,東京都新宿区高田馬場４丁目,代理,"16,280万円",商業,238.9万円,パークシティ高田馬場,6階,3ＬＤＫ,-,"25,080円",789.8万円,山手線　高田馬場,徒歩　7分,三友サービス（株）,2025年（令和 7年） 5月,090-4189-9767,
削除,2025-12-08,100136837082,中古マンション,53.91㎡,東京都港区西麻布４丁目,専属,"15,000万円",一中,278.3万円,サンウッド西麻布,4階,2ＬＤＫ,申込あり,"15,700円",919.9万円,日比谷線　広尾,徒歩　10分,東急リバブル（株）　麻布センター,2013年（平成25年） 3月,03-5765-6962,
削除,2025-12-08,100136665913,中古マンション,56.46㎡,東京都港区白金１丁目,一般,"22,800万円",商業,403.9万円,白金ザ・スカイ　西棟,9階,2ＬＤＫ,-,"21,816円","1,335.0万円",南北線　白金高輪,徒歩　3分,三井不動産リアルティ（株）三井のリアルプラン白金高輪サロン,2023年（令和 5年） 2月,03-5424-4131,
削除,2025-12-08,100136121942,中古マンション,60.73㎡,東京都港区南麻布１丁目,専任,"14,480万円",近商,238.5万円,グランパレス南麻布仙台坂,6階,1ＳＬＤＫ,申込あり,"16,280円",788.3万円,南北線　麻布十番,徒歩　5分,野村不動産ソリューションズ（株）　本店営業部,1995年（平成 7年）11月,03-3345-0344,
削除,2025-12-08,100137024933,中古マンション,100.98㎡,東京都中央区佃２丁目,一般,"33,000万円",二住,326.8万円,ザ・クレストタワー,30階,3ＬＤＫ,-,"25,300円","1,080.4万円",有楽町線　月島,徒歩　3分,（同）ディグル,2004年（平成16年） 9月,03-5544-8663,
削除,2025-12-08,100136068738,中古マンション,81.13㎡,東京都中央区月島１丁目,一般,"27,980万円",商業,344.9万円,ＣＡＰＩＴＡＬ　ＧＡＴＥ　ＰＬＡＣＥ　ＴＨＥ　ＴＯＷＥＲ,,3ＬＤＫ,-,"27,320円","1,140.1万円",有楽町線　月島,徒歩　1分,ロイヤルハウジング販売（株）　月島キャピタルゲート店,2015年（平成27年） 7月,03-3536-2311,
削除,2025-12-08,200134931554,新築マンション,47.10㎡,東京都新宿区高田馬場４丁目,代理,"9,980万円",一住,211.9万円,パークシティ高田馬場,3階,1ＬＤＫ,-,"17,330円",700.5万円,山手線　高田馬場,徒歩　7分,（株）龍雪不動産,2025年（令和 7年） 6月,070-9218-7850,
削除,2025-12-08,100133269068,中古マンション,70.84㎡,東京都中央区晴海２丁目,売主,"18,900万円",準工,266.8万円,パークタワー晴海　手５パ－,45階,2ＬＤＫ,-,"23,020円",882.0万円,大江戸線　月島,徒歩　12分,（株）東安商事,2019年（平成31年） 2月,07074603357,
削除,2025-12-08,100135940417,中古マンション,48.38㎡,東京都港区南青山６丁目,専属,"7,300万円",近商,150.9万円,南青山セピアコート,8階,1ＬＤＫ,公開中,"21,140円",498.9万円,銀座線　表参道,徒歩　9分,東急リバブル（株）　渋谷センター,1979年（昭和54年） 4月,03-3463-3911,
削除,2025-12-08,100136991667,中古マンション,47.74㎡,東京都新宿区西新宿７丁目,売主,"13,800万円",商業,289.1万円,ファーストリアルタワー新宿,25階,1ＬＤＫ,-,"19,320円",955.6万円,大江戸線　新宿西口,徒歩　4分,ポスト・ライフ（株）,2006年（平成18年） 3月,03-5348-8288,
削除,2025-12-08,100137006801,中古マンション,50.16㎡,東京都港区芝浦４丁目,"一般
オーナーチェンジ","5,680万円",一住,113.3万円,グランドパレス田町,13階,ワンルーム,-,"12,600円",374.4万円,山手線　田町,徒歩　9分,オハナ不動産（株）,1981年（昭和56年） 4月,03-6205-5205,
削除,2025-12-08,100137033960,中古マンション,16.07㎡,東京都千代田区神田佐久間町１丁目,"売主
オーナーチェンジ","2,730万円",商業,169.9万円,アルテール秋葉原,8階,ワンルーム,-,"4,600円",561.6万円,山手線　秋葉原,徒歩　1分,番町開発（株）,1981年（昭和56年） 3月,03-5312-5535,
削除,2025-12-08,100137016793,中古マンション,40.00㎡,東京都渋谷区代々木４丁目,売主,"5,080万円",二中,127.0万円,代々木スカイハイツ,3階,1ＬＤＫ,-,"8,800円",419.9万円,小田急線　参宮橋,徒歩　3分,（株）アーバンコンセプト,1974年（昭和49年）10月,09047354812,
削除,2025-12-08,100135016758,新築マンション,84.10㎡,東京都中央区豊海町,専任,"27,800万円",準工,330.6万円,ＴＨＥ　ＴＯＹＯＭＩ　ＴＯＷＥＲ　ＭＡＲＩＮＥ＆ＳＫＹ　西ウイング,24階,3ＬＤＫ,公開中,"33,840円","1,092.8万円",大江戸線　勝どき,徒歩　10分,三井不動産リアルティ（株）三井のリハウス勝どきミッドセンター,2026年（令和 8年）11月,03-5548-5331,
削除,2025-12-08,100136859914,中古マンション,91.30㎡,東京都新宿区西新宿５丁目,専属,"34,980万円",商業,383.2万円,パークタワー西新宿,40階,3ＬＤＫ,公開中,"41,090円","1,266.6万円",大江戸線　西新宿五丁目,徒歩　6分,スターツピタットハウス（株）　都心販売センター,2024年（令和 6年）11月,03-6202-0200,
削除,2025-12-08,100136163119,中古マンション,138.19㎡,東京都千代田区三番町,専任,"51,000万円",二住,369.1万円,三番町３－３ビル９階部分,9階,3ＬＤＫ,公開中,"33,400円","1,220.1万円",半蔵門線　半蔵門,徒歩　6分,住友不動産ステップ（株）　自由が丘営業センター１課,2011年（平成23年） 9月,050-3112-9834,
削除,2025-12-08,100136403538,中古マンション,108.24㎡,東京都新宿区西新宿７丁目,専任,"29,800万円",商業,275.4万円,セントラルレジデンス新宿シティタワー,30階,3ＬＤＫ,申込あり,"38,300円",910.2万円,山手線　新宿,徒歩　10分,住友不動産ステップ（株）　東京コンサルティング,2001年（平成13年）12月,03-6400-3430,
削除,2025-12-08,100137034191,中古マンション,48.64㎡,東京都新宿区高田馬場３丁目,売主,"4,380万円",準工,90.1万円,マンションヴィップ落合,5階,2ＬＤＫ,-,"14,720円",297.7万円,西武新宿線　下落合,徒歩　6分,（株）ブライトアベニュー,1970年（昭和45年） 7月,03-6427-4830,
削除,2025-12-08,100136935902,中古マンション,45.98㎡,東京都新宿区西落合２丁目,売主,"2,980万円",準工,64.9万円,哲学堂マンション,4階,2ＬＤＫ,-,"10,400円",214.3万円,大江戸線　落合南長崎,徒歩　8分,アロハ不動産（株）,1964年（昭和39年） 4月,03-6278-9718,
削除,2025-12-08,100136162975,中古マンション,85.56㎡,東京都港区港南４丁目,専属,"19,780万円",二住,231.2万円,ワールドシティタワーズ　アクアタワー,32階,2ＬＤＫ,公開中,"21,178円",764.3万円,山手線　品川,徒歩　15分,住友不動産ステップ（株）　東京湾岸マンションプラザ,2005年（平成17年）10月,050-3112-9844,
削除,2025-12-08,100136154860,新築マンション,66.00㎡,東京都中央区晴海５丁目,売主,"12,480万円",商業,189.1万円,ＨＡＲＵＭＩ　ＦＬＡＧ　ＳＵＮ　ＶＩＬＬＡＧＥ　Ｔ棟,3階,2ＬＤＫ,-,"25,470円",625.1万円,大江戸線　勝どき,徒歩　16分,エンリアルティ（株）,2025年（令和 7年） 9月,03-6380-3245,
削除,2025-12-08,100136197418,中古マンション,30.29㎡,東京都新宿区北新宿３丁目,専属,"2,680万円",近商,88.5万円,シャンボール北新宿,3階,1ＤＫ,公開中,"6,900円",292.5万円,総武中央線　大久保,徒歩　4分,（株）夏野ホームズ,1978年（昭和53年） 4月,03-5358-9377,
削除,2025-12-08,100135977251,中古マンション,67.72㎡,東京都千代田区外神田６丁目,専任,"18,900万円",商業,279.1万円,シティハウス千代田外神田,4階,3ＬＤＫ,公開中,"16,480円",922.7万円,千代田線　湯島,徒歩　5分,住友不動産ステップ（株）　日本橋マンションプラザ,2018年（平成30年）12月,050-3112-9831,
削除,2025-12-08,100136162973,中古マンション,54.59㎡,東京都港区芝浦２丁目,専任,"7,299万円",準工,133.8万円,グランドメゾン田町,10階,2ＬＤＫ,公開中,"11,900円",442.1万円,山手線　田町,徒歩　11分,住友不動産ステップ（株）　東京湾岸マンションプラザ,1983年（昭和58年） 1月,050-3112-9844,
削除,2025-12-08,100132119173,中古マンション,86.14㎡,東京都港区虎ノ門３丁目,一般,"50,000万円",二住,580.5万円,パークコート虎ノ門愛宕タワー,,2ＬＤＫ,-,"34,460円","1,918.9万円",日比谷線　神谷町,徒歩　4分,住友不動産ステップ（株）　麻布マンションプラザ１課,2008年（平成20年） 4月,050-3112-9827,
削除,2025-12-08,100136319549,中古マンション,83.74㎡,東京都中央区月島３丁目,売主,"14,480万円",二住,173.0万円,オーベル月島リバージュグラン,8階,3ＬＤＫ,-,"11,290円",571.7万円,有楽町線　月島,徒歩　6分,（株）大京穴吹不動産　アセット事業部,2001年（平成13年） 8月,050-3628-8514,
削除,2025-12-08,100136207353,中古マンション,129.68㎡,東京都港区高輪１丁目,一般,"38,500万円",商業,296.9万円,シティタワー高輪,28階,3ＬＤＫ,-,"48,588円",981.5万円,都営三田線　白金高輪,徒歩　7分,住友不動産ステップ（株）　日本橋マンションプラザ,2004年（平成16年） 1月,050-3112-9831,
削除,2025-12-08,100135979435,中古マンション,34.97㎡,東京都港区赤坂２丁目,専任,"4,500万円",商業,128.7万円,三圭野村マンション,3階,2ＤＫ,公開中,"23,620円",425.4万円,千代田線　赤坂,徒歩　6分,（株）ウィル　恵比寿営業所,1980年（昭和55年） 1月,03-5458-8070,
削除,2025-12-08,100136765670,中古マンション,22.80㎡,東京都新宿区西新宿３丁目,"売主
オーナーチェンジ","1,680万円",商業,73.7万円,トーカン新宿第２キャステール,2階,ワンルーム,-,"6,450円",243.6万円,大江戸線　都庁前,徒歩　7分,（株）ランドネット,1980年（昭和55年） 1月,03-3986-7228,
削除,2025-12-08,100136966703,中古マンション,20.00㎡,東京都新宿区下落合４丁目,"一般
オーナーチェンジ","2,130万円",近商,106.5万円,スカイコート高田馬場第３,6階,ワンルーム,-,確認中,352.1万円,西武新宿線　下落合,徒歩　3分,（株）ｇｒｏｏｖｅ　ａｇｅｎｔ,2002年（平成14年） 5月,03-6902-1941,
削除,2025-12-08,100137017853,中古マンション,53.21㎡,東京都新宿区中落合３丁目,"売主
オーナーチェンジ","4,400万円",一中,82.7万円,キャッスルマンション目白西,3階,3ＤＫ,-,"14,390円",273.4万円,西武池袋線　椎名町,徒歩　8分,（株）ゼウス・リアル,1994年（平成 6年）12月,03-5720-5555,
削除,2025-12-08,100135849062,中古マンション,32.49㎡,東京都新宿区北新宿１丁目,"一般
オーナーチェンジ","2,980万円",一低,91.8万円,柏木ハイツ,3階,2Ｋ,-,"6,900円",303.3万円,総武中央線　大久保,徒歩　9分,新宿（株）,1972年（昭和47年）10月,03-6273-8378,
削除,2025-12-08,100136032139,中古マンション,25.20㎡,東京都新宿区富久町,売主,"2,180万円",商業,86.6万円,四谷コーエイマンション,4階,ワンルーム,-,"7,300円",286.0万円,都営新宿線　曙橋,徒歩　5分,（株）日新ハウジング,1972年（昭和47年） 6月,03-3228-0701,
削除,2025-12-08,100136412259,中古マンション,64.07㎡,東京都港区芝浦４丁目,一般,"14,500万円",二住,226.4万円,芝浦アイランドグローヴタワー,19階,2ＬＤＫ,-,"17,490円",748.2万円,山手線　田町,徒歩　8分,住友不動産ステップ（株）　東京湾岸マンションプラザ,2007年（平成19年） 3月,050-3112-9844,
削除,2025-12-08,100135808929,中古マンション,36.30㎡,東京都新宿区富久町,一般,"8,500万円",商業,234.2万円,富久クロスコンフォートタワー,33階,1ＬＤＫ,-,"14,660円",774.1万円,丸ノ内線　新宿御苑前,徒歩　5分,大松商事（株）,2015年（平成27年） 4月,03-5937-8777,
削除,2025-12-08,100136953407,中古マンション,46.06㎡,東京都港区元麻布２丁目,専属,"8,880万円",近商,192.8万円,有栖川ナショナルコート,6階,1ＬＤＫ,公開中,"14,300円",637.4万円,日比谷線　広尾,徒歩　9分,スターツピタットハウス（株）　自由が丘店,1974年（昭和49年） 1月,03-5731-6936,
削除,2025-12-08,100136260044,中古マンション,129.68㎡,東京都港区高輪１丁目,一般,"38,500万円",商業,296.9万円,シティタワー高輪,28階,2ＬＤＫ,-,"48,588円",981.5万円,南北線　白金高輪,徒歩　7分,（株）ランディックス　目黒センター,2004年（平成16年） 1月,03-6420-3016,
削除,2025-12-08,100136426398,中古マンション,50.88㎡,東京都新宿区新小川町,一般,"11,800万円",二住,232.0万円,アトラス江戸川アパートメント,,1ＬＤＫ,-,"10,500円",766.7万円,東西線　飯田橋,徒歩　8分,旭化成不動産レジデンス（株）　不動産流通本部　首都圏営業部　城西営業課,2005年（平成17年） 4月,03-6890-2621,
削除,2025-12-08,100136024938,中古マンション,22.04㎡,東京都新宿区百人町１丁目,一般,"2,750万円",商業,124.8万円,キャピタルプラザ大久保,8階,ワンルーム,-,"9,847円",412.5万円,山手線　新大久保,徒歩　6分,（株）オネスティーパートナーズ,1986年（昭和61年） 1月,080-4165-7061,
削除,2025-12-08,100137033363,中古マンション,26.86㎡,東京都文京区目白台１丁目,売主,"2,480万円",一中,92.4万円,目白台コーポ,5階,1ＤＫ,-,"7,280円",305.3万円,都電荒川線　早稲田,徒歩　4分,トップランク不動産（株）,1970年（昭和45年） 5月,03-5749-3278,
削除,2025-12-08,100136600979,中古マンション,61.84㎡,東京都渋谷区恵比寿３丁目,専属,"13,480万円",二住,218.0万円,朝日マンション白金通り,5階,2ＬＤＫ,申込あり,"14,200円",720.7万円,日比谷線　広尾,徒歩　12分,東急リバブル（株）　恵比寿センター,1998年（平成10年） 4月,03-5794-9109,
削除,2025-12-08,100131480991,中古マンション,49.51㎡,東京都港区三田３丁目,"専任
オーナーチェンジ","4,500万円",商業,90.9万円,藤和三田コープⅡ,,1ＬＤＫ,公開中,"12,800円",300.5万円,山手線　田町,徒歩　5分,（株）総和ライジング,1983年（昭和58年） 1月,03-3360-6123,
削除,2025-12-08,100133280908,中古マンション,45.88㎡,東京都中央区八丁堀３丁目,"専属
オーナーチェンジ","5,999.8万円",商業,130.8万円,パークウェル京橋,10階,2ＤＫ,申込あり,"22,940円",432.4万円,日比谷線　八丁堀,徒歩　5分,（株）大京穴吹不動産　日本橋レジデンスサロン,2001年（平成13年）10月,03-6757-6451,
削除,2025-12-08,100136015971,中古マンション,70.20㎡,東京都港区三田５丁目,一般,"16,970万円",準工,241.8万円,ファインレジデンス三田,1階,2ＳＬＤＫ,-,"14,040円",799.2万円,南北線　白金高輪,徒歩　8分,東急リバブル（株）　白金高輪センター,2012年（平成24年） 2月,03-5449-6461,
削除,2025-12-08,100136889270,中古マンション,23.49㎡,東京都文京区水道１丁目,"売主
オーナーチェンジ","1,700万円",二住,72.4万円,マック小石川コート,4階,ワンルーム,-,"7,210円",239.3万円,丸ノ内線　後楽園,徒歩　11分,京王ユナイテッド（株）,1981年（昭和56年） 3月,080-4618-8720,
削除,2025-12-08,100136121956,中古マンション,101.33㎡,東京都港区白金１丁目,専任,"39,980万円",準工,394.6万円,白金タワータワー棟,26階,3ＬＤＫ,公開中,"21,200円","1,304.4万円",南北線　白金高輪,徒歩　1分,野村不動産ソリューションズ（株）　レアリア東京,2005年（平成17年） 9月,03-5114-5973,
削除,2025-12-08,100136406971,中古マンション,82.16㎡,東京都中央区晴海５丁目,専任,"31,800万円",商業,387.1万円,ＨＡＲＵＭＩ　ＦＬＡＧ　ＰＡＲＫ　ＶＩＬＬＡＧＥ　Ｔ棟,50階,2ＬＤＫ,申込あり,"32,500円","1,279.6万円",大江戸線　勝どき,徒歩　18分,三井不動産リアルティ（株）三井のリアルプラン番町サロン,2025年（令和 7年） 9月,03-3222-5631,
削除,2025-12-08,100136620915,中古マンション,109.39㎡,東京都港区東新橋１丁目,一般,"56,000万円",商業,512.0万円,東京ツインパークス　レフトウイング,29階,2ＬＤＫ,-,"40,500円","1,692.4万円",大江戸線　汐留,徒歩　3分,野村不動産ソリューションズ（株）　虎ノ門センター,2002年（平成14年） 9月,03-6402-5385,
削除,2025-12-08,100135248222,新築マンション,82.52㎡,東京都新宿区高田馬場４丁目,一般,"19,980万円",商業,242.2万円,パークシティ高田馬場,10階,3ＬＤＫ,-,"30,370円",800.5万円,山手線　高田馬場,徒歩　7分,福旅（株）,2025年（令和 7年） 6月,0362788435,
削除,2025-12-08,100136630985,中古マンション,14.57㎡,東京都港区南青山７丁目,代理,"1,680万円",一中,115.4万円,ＴＯＰ南青山第２,2階,ワンルーム,-,"12,200円",381.2万円,銀座線　表参道,徒歩　14分,ライズ（株）,1984年（昭和59年）10月,03-6411-0902,
削除,2025-12-08,100135844361,中古マンション,36.30㎡,東京都新宿区富久町,"一般
オーナーチェンジ","8,500万円",商業,234.2万円,富久クロスコンフォートタワー,,1ＬＤＫ,-,"14,660円",774.1万円,丸ノ内線　新宿御苑前,徒歩　5分,ポスト・リンテル（株）,2015年（平成27年） 9月,07064793062,
削除,2025-12-08,100135616960,中古マンション,48.72㎡,東京都新宿区市谷薬王寺町,売主,"6,180万円",一中,126.9万円,スカイコート市ヶ谷第３,4階,2ＤＫ,-,"14,200円",419.4万円,大江戸線　牛込柳町,徒歩　3分,（株）日新ハウジング,1991年（平成 3年）11月,03-3228-0701,
削除,2025-12-08,100136859924,中古マンション,80.88㎡,東京都港区浜松町２丁目,専属,"59,800万円",商業,739.4万円,ＷＯＲＬＤ　ＴＯＷＥＲ　ＲＥＳＩＤＥＮＣＥ,40階,2ＬＤＫ,公開中,"59,350円","2,444.2万円",山手線　浜松町,徒歩　2分,スターツピタットハウス（株）　都心販売センター,2024年（令和 6年）11月,03-6202-0200,
削除,2025-12-08,100136952627,中古マンション,23.49㎡,東京都文京区水道１丁目,"売主
オーナーチェンジ","1,700万円",二住,72.4万円,マック小石川コート,4階,ワンルーム,-,"7,210円",239.3万円,丸ノ内線　後楽園,徒歩　11分,京王ユナイテッド（株）,1981年（昭和56年） 3月,080-4618-8720,
削除,2025-12-08,100136982672,中古マンション,41.49㎡,東京都文京区関口１丁目,"一般
オーナーチェンジ","5,000万円",商業,120.6万円,メゾン文京関口Ⅱ,7階,1Ｋ,-,"11,200円",398.4万円,有楽町線　江戸川橋,徒歩　2分,（株）レオコ－ポレ－シヨン,1990年（平成 2年） 6月,03-3813-6262,
削除,2025-12-08,100135851785,中古マンション,22.14㎡,東京都港区高輪１丁目,専属,"3,800万円",商業,171.7万円,パークウェル高輪,8階,1Ｋ,公開中,"8,000円",567.4万円,都営浅草線　高輪台,,（株）フォーレスト,2004年（平成16年） 6月,03-6915-2908,
削除,2025-12-08,100136388097,中古マンション,59.41㎡,東京都新宿区上落合１丁目,売主,"6,990万円",準工,117.7万円,落合パークファミリア,9階,3ＬＤＫ,-,"11,882円",389.0万円,西武新宿線　下落合,徒歩　1分,（株）マイプレイス,1978年（昭和53年） 3月,03-5652-8330,
削除,2025-12-08,100136009560,中古マンション,85.73㎡,東京都中央区晴海２丁目,専任,"22,800万円",準工,266.0万円,ザ・パークハウス晴海タワーズ　ティアロレジデンス,14階,3ＬＤＫ,公開中,"20,960円",879.2万円,有楽町線　月島,徒歩　13分,住友不動産ステップ（株）　東京湾岸マンションプラザ,2016年（平成28年） 4月,050-3112-9844,
削除,2025-12-08,100135248867,新築マンション,82.52㎡,東京都新宿区高田馬場４丁目,一般,"21,980万円",商業,266.4万円,パークシティ高田馬場,11階,3ＬＤＫ,-,"30,370円",880.6万円,山手線　高田馬場,徒歩　7分,福旅（株）,2025年（令和 7年） 6月,0362788435,
削除,2025-12-08,100136837091,中古マンション,20.10㎡,東京都文京区千駄木２丁目,"専任
オーナーチェンジ","1,450万円",商業,72.2万円,ダイヤハイツ千駄木,6階,ワンルーム,公開中,"9,880円",238.5万円,千代田線　千駄木,徒歩　1分,東急リバブル（株）　池袋センター,1984年（昭和59年） 3月,03-3988-7761,
削除,2025-12-08,100135597769,新築マンション,86.53㎡,東京都新宿区新宿６丁目,専任,"12,980万円",一中,150.1万円,リムテラス新宿ＰＲＥＭＩＵＭ,,2ＳＬＤＫ,公開中,"20,530円",495.9万円,大江戸線　東新宿,徒歩　7分,リヴェンド（株）,2025年（令和 7年） 6月,03-3525-4494,
削除,2025-12-08,100136173379,中古マンション,60.73㎡,東京都文京区白山４丁目,専任,"7,580万円",近商,124.9万円,ライオンズマンション白山,8階,2ＳＬＤＫ,公開中,"11,800円",412.7万円,都営三田線　白山,徒歩　3分,文京住販（株）,1979年（昭和54年）12月,03-5840-9012,
削除,2025-12-08,100136580401,新築マンション,82.52㎡,東京都新宿区高田馬場４丁目,一般,"19,980万円",商業,242.2万円,パークシティ高田馬場,10階,3ＬＤＫ,-,"30,370円",800.5万円,山手線　高田馬場,徒歩　9分,福旅（株）,2025年（令和 7年） 6月,0362788435,
削除,2025-12-08,100136450591,中古マンション,20.46㎡,東京都港区三田５丁目,"一般
オーナーチェンジ","3,380万円",商業,165.3万円,スカイコート三田慶大前,5階,1Ｋ,-,"6,700円",546.2万円,山手線　田町,徒歩　10分,（株）ライジングラウンド,2002年（平成14年） 8月,080-4658-0818,
削除,2025-12-08,100135889482,中古マンション,39.79㎡,東京都文京区本郷３丁目,一般,"5,980万円",商業,150.3万円,グランドメゾン本郷三丁目,2階,ワンルーム,-,"13,180円",496.9万円,大江戸線　本郷三丁目,徒歩　5分,（株）長谷工リアルエステート　上野センター,1989年（平成 1年） 5月,03-5807-7513,
削除,2025-12-08,100135989084,中古マンション,130.36㎡,東京都渋谷区神宮前２丁目,売主,"105,800万円",一中,811.6万円,ＴＨＥ　ＣＯＵＲＴ神宮外苑,20階,2ＬＤＫ,-,"89,320円","2,683.0万円",銀座線　外苑前,徒歩　8分,（株）アンビションＤＸホールディングス,2020年（令和 2年） 1月,070-5462-4429,
削除,2025-12-08,100137001627,中古マンション,80.56㎡,東京都港区六本木３丁目,一般,"38,000万円",商業,471.7万円,ＴＨＥ　ＲＯＰＰＯＮＧＩ　ＴＯＫＹＯ　ＣＬＵＢ　ＲＥＳＩＤＥＮＣＥ,18階,2ＬＤＫ,-,"33,300円","1,559.4万円",日比谷線　六本木,徒歩　3分,（株）ルネッサンス,2011年（平成23年）11月,03-5545-5635,
削除,2025-12-08,100136083014,中古マンション,41.17㎡,東京都中央区月島１丁目,"専属
オーナーチェンジ","9,530万円",商業,231.5万円,ＭＩＤ　ＴＯＷＥＲ　ＧＲＡＮＤ,,1ＬＤＫ,申込あり,"13,710円",765.3万円,有楽町線　月島,徒歩　2分,ロイヤルハウジング販売（株）　新浦安シンボルロード店,2020年（令和 2年）10月,047-350-5111,
削除,2025-12-08,100128009773,中古マンション,40.40㎡,東京都文京区水道２丁目,"一般
オーナーチェンジ","5,700万円",準工,141.1万円,ＡＲＴＥＳＳＩＭＯ　ＭＯＬＬＥ,,1ＬＤＫ,-,"8,340円",466.5万円,有楽町線　江戸川橋,徒歩　4分,（株）日税不動産情報センター,2018年（平成30年） 5月,03-3346-2222,
削除,2025-12-08,100136640192,中古マンション,105.46㎡,東京都港区西麻布３丁目,売主,"61,800万円",二中,586.1万円,ザ・パークハウス西麻布霞町,5階,2ＬＤＫ,-,"42,080円","1,937.3万円",日比谷線　六本木,徒歩　8分,フォレストガーデン（株）,2016年（平成28年） 2月,09024742287,
削除,2025-12-08,100137035257,中古マンション,60.50㎡,東京都新宿区若松町,売主,"6,780万円",一中,112.1万円,近鉄ハイツ新宿,2階,3ＬＤＫ,-,"18,543円",370.5万円,大江戸線　若松河田,徒歩　7分,（株）エスフリー,1975年（昭和50年）10月,03-5962-3812,
削除,2025-12-08,100137018077,中古マンション,20.88㎡,東京都新宿区早稲田鶴巻町,"専任
オーナーチェンジ","2,750万円",商業,131.8万円,パレステュディオ早稲田　Ｐａｒｋ　Ｖｉｅｗ,10階,1Ｋ,公開中,"12,680円",435.4万円,有楽町線　江戸川橋,徒歩　6分,（株）シーク,2007年（平成19年） 2月,03-3560-7070,
削除,2025-12-08,100136584225,中古マンション,32.81㎡,東京都新宿区市谷仲之町,専任,"5,980万円",二中,182.3万円,ダイナシティ市谷仲之町,3階,1ＬＤＫ,申込あり,"15,280円",602.6万円,都営新宿線　曙橋,徒歩　5分,（株）長谷工リアルエステート　新宿センター,2007年（平成19年）11月,03-5989-0828,
削除,2025-12-08,100137027299,中古マンション,21.97㎡,東京都千代田区神田小川町３丁目,売主,"2,550万円",商業,116.1万円,インペリアル御茶の水,3階,ワンルーム,-,"9,900円",383.7万円,都営新宿線　小川町,徒歩　3分,（株）デュープレックスディメンション,1980年（昭和55年） 8月,09032418903,
削除,2025-12-08,100135905492,中古マンション,55.40㎡,東京都港区芝浦１丁目,一般,"12,980万円",商業,234.3万円,ザ・タワー芝浦,,1ＬＤＫ,-,"18,000円",774.6万円,山手線　浜松町,徒歩　9分,大成有楽不動産販売（株）　都心営業室,2007年（平成19年）10月,03-6867-0707,
削除,2025-12-08,100135940398,中古マンション,77.55㎡,東京都中央区勝どき５丁目,専任,"22,900万円",商業,295.3万円,勝どきザ・タワー,26階,3ＬＤＫ,公開中,"18,530円",976.2万円,大江戸線　勝どき,徒歩　7分,東急リバブル（株）　勝どきセンター,2016年（平成28年）12月,03-6866-3861,
削除,2025-12-08,100136627942,中古マンション,44.88㎡,東京都渋谷区富ヶ谷２丁目,専任,"8,880万円",二低,197.9万円,ブランクレア代々木公園,5階,1ＬＤＫ,申込あり,"12,300円",654.1万円,千代田線　代々木公園,徒歩　6分,野村不動産ソリューションズ（株）　渋谷営業部,2005年（平成17年） 2月,03-5766-2815,
削除,2025-12-08,300137025672,中古マンション,23.26㎡,東京都中央区築地１丁目,"売主
オーナーチェンジ","2,900万円",商業,124.7万円,ファミール東銀座グランスイートタワー,5階,1ＬＤＫ,-,"4,890円",412.2万円,有楽町線　新富町,徒歩　2分,（株）ＥＸｓｔａｔｅ,2004年（平成16年） 2月,080-3843-6946,
削除,2025-12-08,100136303242,中古マンション,73.44㎡,東京都千代田区四番町,一般,"39,800万円",一中,542.0万円,パークコート千代田四番町,9階,3ＬＤＫ,-,"45,900円","1,791.6万円",総武中央線　市ケ谷,徒歩　5分,（株）ｉｎｎｏｖｅ　ｅｓｔａｔｅ,2022年（令和 4年） 9月,03-6256-0633,
削除,2025-12-08,100136991737,中古マンション,40.60㎡,東京都新宿区西落合２丁目,売主,"3,180万円",準工,78.4万円,ハイネス哲学堂,2階,1ＬＤＫ,-,"9,700円",259.0万円,大江戸線　落合南長崎,徒歩　8分,ポスト・ライフ（株）,1981年（昭和56年）11月,03-5348-8288,
削除,2025-12-08,100136861516,中古マンション,121.52㎡,東京都千代田区麹町４丁目,売主,"46,900万円",商業,386.0万円,パークハウス麹町プレイス,11階,3ＬＤＫ,-,"42,441円","1,275.9万円",有楽町線　麹町,徒歩　3分,大和ハウスリアルエステート（株）　東京本店,2011年（平成23年） 4月,080-4775-6612,
削除,2025-12-08,100136772724,中古マンション,68.15㎡,東京都新宿区大久保３丁目,専属,"17,800万円",二住,261.2万円,スカイフォレストレジデンス,4階,2ＬＤＫ,公開中,"21,265円",863.5万円,山手線　高田馬場,徒歩　6分,スターツピタットハウス（株）　三鷹北口店,2014年（平成26年）12月,0422-60-5660,
削除,2025-12-08,100137025646,中古マンション,70.70㎡,東京都中央区晴海３丁目,一般,"19,980万円",準工,282.7万円,ＤＥＵＸ　ＴＯＵＲＳ　ＷＥＳＴ,38階,3ＬＤＫ,-,"22,018円",934.3万円,大江戸線　勝どき,徒歩　5分,合豊（株）,2015年（平成27年）10月,03-3520-9233,
削除,2025-12-08,100137022639,中古マンション,54.42㎡,東京都渋谷区千駄ヶ谷４丁目,売主,"9,280万円",商業,170.6万円,北参道ダイヤモンドパレス,6階,2ＬＤＫ,-,"12,500円",563.8万円,副都心線　北参道,徒歩　4分,（株）エンリード不動産,1983年（昭和58年） 3月,080-7134-8146,
削除,2025-12-08,100137032717,中古マンション,58.80㎡,東京都中央区勝どき１丁目,"一般
オーナーチェンジ","12,680万円",商業,215.7万円,勝どきビュータワー,48階,2ＬＤＫ,-,"16,260円",712.9万円,大江戸線　勝どき,徒歩　1分,（株）ＳＰＥＥＤ,2010年（平成22年）11月,0362654766,
削除,2025-12-08,100135854415,中古マンション,55.32㎡,東京都中央区月島１丁目,専任,"9,690万円",二中,175.2万円,マイキャッスル月島,4階,2ＬＤＫ,公開中,"14,700円",579.1万円,大江戸線　月島,徒歩　3分,（株）アレグレホーム,1997年（平成 9年） 2月,043-268-5000,
削除,2025-12-08,100136952341,中古マンション,35.52㎡,東京都中央区日本橋本町４丁目,専属,"7,580万円",商業,213.5万円,レフィール日本橋本町,6階,1ＬＤＫ,公開中,確認中,705.5万円,日比谷線　小伝馬町,徒歩　2分,（株）レンズ,2005年（平成17年）10月,03-6914-5763,
削除,2025-12-08,100136973727,中古マンション,58.67㎡,東京都港区赤坂２丁目,売主,"16,980万円",商業,289.5万円,チュリス赤坂,8階,1ＬＤＫ,-,"22,170円",956.8万円,銀座線　溜池山王,徒歩　2分,ララハウス（株）　自由が丘支店,1983年（昭和58年）11月,03-6421-3500,
削除,2025-12-08,100136069165,中古マンション,82.52㎡,東京都新宿区高田馬場４丁目,一般,"21,900万円",一住,265.4万円,パークシティ高田馬場,10階,3ＬＤＫ,-,"30,370円",877.4万円,山手線　高田馬場,徒歩　7分,ロイヤルハウジング販売（株）　月島キャピタルゲート店,2025年（令和 7年） 6月,03-3536-2311,
削除,2025-12-08,100136472868,新築マンション,36.05㎡,東京都港区麻布台１丁目,専任,"32,000万円",二住,887.7万円,麻布台ヒルズレジデンスＢ,7階,1Ｋ,公開中,"26,600円","2,934.4万円",南北線　六本木一丁目,徒歩　2分,（株）すむぞう,2025年（令和 7年）10月,03-6712-7630,
削除,2025-12-08,100136837122,中古マンション,103.11㎡,東京都文京区目白台２丁目,専任,"11,800万円",商業,114.5万円,小田急目白台マンション,2階,3ＬＤＫ,申込あり,"15,330円",378.4万円,副都心線　雑司が谷,徒歩　7分,東急リバブル（株）　目白センター,1971年（昭和46年） 5月,03-6844-5109,
削除,2025-12-08,100135849334,新築タウン,86.53㎡,東京都新宿区新宿６丁目,専任,"12,980万円",一中,150.1万円,リムテラス新宿ＰＲＥＭＩＵＭ,1階,2ＳＬＤＫ,公開中,"20,530円",495.9万円,大江戸線　東新宿,徒歩　7分,リヴェンド（株）,2025年（令和 7年） 6月,03-3525-4494,
削除,2025-12-08,100135400457,中古マンション,36.81㎡,東京都文京区白山４丁目,"一般
オーナーチェンジ","1,980万円",近商,53.8万円,上新ハイツ白山,,1ＤＫ,-,"9,000円",177.9万円,都営三田線　白山,徒歩　4分,ホサナ産業（株）,築年不詳,048-514-7535,
削除,2025-12-08,100137039502,中古マンション,90.52㎡,東京都港区白金６丁目,一般,"19,800万円",一中,218.8万円,ザ・レジデンス白金スイート,10階,2ＬＤＫ,-,"197,660円",723.1万円,南北線　白金台,徒歩　11分,野村不動産ソリューションズ（株）　麻布営業部,2008年（平成20年） 1月,03-5444-2281,
削除,2025-12-08,100136868611,中古マンション,21.68㎡,東京都新宿区西新宿３丁目,"専属
オーナーチェンジ","1,590万円",商業,73.4万円,トーカン新宿第２キャステール,10階,ワンルーム,申込あり,"6,140円",242.5万円,大江戸線　都庁前,徒歩　6分,東急リバブル（株）　新宿センター,1980年（昭和55年） 1月,03-6876-0109,
削除,2025-12-08,100135272756,中古マンション,142.85㎡,東京都港区赤坂１丁目,専任,"102,000万円",二住,714.1万円,サイオン桜坂　ＳＡＩＯＮ　ＳＡＫＵＲＡＺＡＫＡ,21階,3ＬＤＫ,公開中,"97,140円","2,360.5万円",南北線　溜池山王,徒歩　3分,野村不動産ソリューションズ（株）　レアリア東京,2009年（平成21年）11月,03-5114-5973,
削除,2025-12-08,100136966583,中古マンション,30.29㎡,東京都新宿区北新宿３丁目,専任,"2,490万円",近商,82.3万円,シャンボール北新宿,10階,ワンルーム,公開中,"6,900円",271.8万円,総武中央線　大久保,徒歩　4分,（株）リモラル,1978年（昭和53年） 4月,03-6205-5552,
削除,2025-12-08,100135850993,中古マンション,132.72㎡,東京都港区港南４丁目,"代理
オーナーチェンジ","40,000万円",準工,301.4万円,ワールドシティタワーズアクアタワー,39階,3ＬＤＫ,-,"25,620円",996.4万円,山手線　品川,徒歩　14分,（株）ＬＢＬ,2005年（平成17年）10月,03-5830-3192,
削除,2025-12-08,100135890178,中古マンション,71.85㎡,東京都港区南麻布２丁目,一般,"13,500万円",準工,187.9万円,パークホームズ南麻布ザレジデンス,5階,3ＬＤＫ,-,"20,480円",621.2万円,大江戸線　麻布十番,徒歩　7分,住友林業ホームサービス（株）　城南支店,2013年（平成25年）10月,03-6451-4591,
削除,2025-12-08,100133160215,中古マンション,70.84㎡,東京都中央区晴海２丁目,一般,"24,800万円",準工,350.1万円,パークタワー晴海,,3ＬＤＫ,-,"23,020円","1,157.4万円",有楽町線　月島,徒歩　12分,リストインターナショナルリアルティ（株）　東京オフィス,2019年（平成31年） 2月,080-8779-6129,
削除,2025-12-08,100136559619,中古マンション,19.58㎡,東京都新宿区西新宿４丁目,一般,"1,780万円",商業,91.0万円,ライオンズマンション西新宿第５,5階,ワンルーム,-,"8,180円",300.6万円,大江戸線　西新宿五丁目,徒歩　5分,（株）リッチロード,1981年（昭和56年） 8月,08047826787,
削除,2025-12-08,100136889591,中古マンション,77.32㎡,東京都港区麻布狸穴町,一般,"35,800万円",商業,463.1万円,ブランズ麻布狸穴町,3階,2ＳＬＤＫ,-,"27,800円","1,530.7万円",大江戸線　麻布十番,徒歩　6分,東急リバブル（株）　グランタクト六本木,2013年（平成25年）12月,03-6843-1090,
削除,2025-12-08,100136655121,中古マンション,50.54㎡,東京都渋谷区代々木２丁目,"売主
オーナーチェンジ","5,280万円",商業,104.5万円,ニュー・ステート・メナー,11階,ワンルーム,-,"26,940円",345.4万円,山手線　代々木,徒歩　7分,（株）ＴＲＩＮＩＴＹ,1976年（昭和51年） 5月,03-5829-4331,
削除,2025-12-08,100136752474,中古マンション,42.77㎡,東京都中央区勝どき２丁目,"一般
オーナーチェンジ","7,750万円",二住,181.3万円,ロメック勝どき,2階,1ＬＤＫ,-,"8,600円",599.1万円,大江戸線　勝どき,徒歩　2分,（株）アセットアイデア,2009年（平成21年） 4月,03-6459-2034,
削除,2025-12-08,100136728825,中古マンション,15.92㎡,東京都港区芝５丁目,売主,"1,680万円",商業,105.6万円,ハイベール三田,2階,ワンルーム,-,"5,880円",348.9万円,都営三田線　三田,徒歩　2分,ネクストリノベーション（株）,1980年（昭和55年） 9月,046-200-7203,
削除,2025-12-08,100136807300,中古マンション,82.27㎡,東京都中央区晴海２丁目,売主,"18,900万円",準工,229.8万円,パークタワー晴海,27階,3ＬＤＫ,-,"26,740円",759.5万円,有楽町線　月島,徒歩　12分,（株）プリンセススクゥエアー,2019年（平成31年） 2月,080-2152-9880,
削除,2025-12-08,100136803153,中古マンション,54.22㎡,東京都中央区月島３丁目,専任,"11,000万円",商業,202.9万円,ＴＨＥパームス月島ルナガーデン,8階,2ＬＤＫ,公開中,"10,800円",670.7万円,有楽町線　月島,徒歩　5分,（株）ＫＩＺＵＮＡ　ＦＡＣＴＯＲＹ,2012年（平成24年） 8月,070-3875-4638,
削除,2025-12-08,100128008675,中古マンション,22.50㎡,東京都新宿区四谷２丁目,"一般
オーナーチェンジ","3,200万円",近商,142.3万円,パレステュディオ四谷,,1Ｋ,-,"9,000円",470.2万円,丸ノ内線　四谷三丁目,徒歩　6分,（株）日税不動産情報センター,2005年（平成17年）12月,03-3346-2222,
削除,2025-12-08,100135957761,中古マンション,33.35㎡,東京都渋谷区円山町,専任,"4,980万円",一住,149.4万円,エル・アルカサル渋谷,6階,1ＬＤＫ,公開中,"12,700円",493.7万円,井の頭線　神泉,徒歩　2分,東急リバブル（株）　荻窪センター,1980年（昭和55年）11月,03-3220-0109,
削除,2025-12-08,100136518051,中古マンション,98.67㎡,東京都文京区本駒込５丁目,専任,"11,980万円",一住,121.5万円,クレール駒込,11階,2ＬＤＫ,申込あり,"31,457円",401.4万円,山手線　駒込,徒歩　6分,住友不動産ステップ（株）　小石川マンションプラザ,1983年（昭和58年）10月,050-3112-9809,
削除,2025-12-08,100136903105,中古マンション,22.74㎡,東京都新宿区北新宿２丁目,"売主
オーナーチェンジ","1,480万円",一住,65.1万円,プレール中野坂上,1階,1Ｋ,-,"10,680円",215.2万円,丸ノ内線　西新宿,徒歩　6分,（株）嘉徳アセットメント,1989年（平成 1年） 6月,03-6666-9910,
削除,2025-12-08,100136193550,中古マンション,20.70㎡,東京都新宿区百人町２丁目,"一般
オーナーチェンジ","1,750万円",一住,84.6万円,ハイネスプラザ新宿５テアリ,2階,ワンルーム,-,"5,180円",279.5万円,総武中央線　大久保,徒歩　3分,大松商事（株）,1990年（平成 2年） 5月,08096796006,
削除,2025-12-08,100135850590,中古マンション,19.85㎡,東京都港区南麻布２丁目,代理,"2,980万円",商業,150.2万円,リバーサイド麻布,3階,2Ｋ,-,"7,525円",496.3万円,南北線　白金高輪,徒歩　8分,エニホームズ（株）,1990年（平成 2年） 9月,03-6681-4166,
削除,2025-12-08,100136618464,中古マンション,35.76㎡,東京都新宿区百人町２丁目,売主,"2,488万円",一住,69.6万円,大久保ローヤルコーポ,6階,1ＬＤＫ,-,"5,000円",230.0万円,総武中央線　大久保,徒歩　4分,（株）アクロスアラウンド,1972年（昭和47年） 1月,03-5357-8460,
削除,2025-12-08,100136770010,中古マンション,22.22㎡,東京都渋谷区元代々木町,売主,"4,180万円",近商,188.2万円,イルサント代々木上原,2階,ワンルーム,-,"7,100円",621.9万円,小田急線　代々木上原,徒歩　3分,（株）オレンジデバイス,2000年（平成12年） 3月,03-6715-0752,
削除,2025-12-08,100133006171,中古マンション,69.39㎡,東京都中央区晴海２丁目,専任,"15,990万円",準工,230.5万円,パークタワー晴海,37階,3ＬＤＫ,公開中,"22,550円",761.8万円,有楽町線　月島,徒歩　12分,三井不動産リアルティ（株）三井のリハウス勝どきミッドセンター,2019年（平成31年） 2月,03-5548-5331,
削除,2025-12-08,100134763052,中古マンション,35.84㎡,東京都文京区水道１丁目,一般,"3,150万円",一住,87.9万円,マック小石川コート,,1ＤＫ,-,"11,330円",290.6万円,丸ノ内線　後楽園,徒歩　11分,旭（株）,1981年（昭和56年） 3月,08043211715,
削除,2025-12-08,100136855156,中古マンション,74.29㎡,東京都文京区本駒込５丁目,売主,"6,780万円",一住,91.3万円,駒込台ハイツＫ棟,2階,2ＳＬＤＫ,-,"24,887円",301.7万円,山手線　駒込,徒歩　5分,（株）ランドネット,1973年（昭和48年） 9月,03-3986-3927,
新規,2025-12-08,100137056358,中古マンション,66.13㎡,東京都文京区小石川２丁目,専任,"12,000万円",商業,181.5万円,東急ドエル・アルス小石川,1階,3ＬＤＫ,公開中,"19,600円",599.9万円,丸ノ内線　後楽園,,実用春日ホーム（株）　小石川店,1998年（平成10年） 3月,03-5684-0891,
新規,2025-12-08,100137061861,中古マンション,58.80㎡,東京都中央区勝どき１丁目,"一般
オーナーチェンジ","12,680万円",商業,215.7万円,勝どきビュータワー,48階,2ＬＤＫ,-,"16,260円",712.9万円,大江戸線　勝どき,徒歩　1分,（株）ＳＰＥＥＤ,2010年（平成22年）11月,0362654766,
新規,2025-12-08,100137057364,中古マンション,18.12㎡,東京都新宿区西早稲田１丁目,"売主
オーナーチェンジ","2,280万円",商業,125.9万円,アーバンヒルズ早稲田,8階,1Ｋ,-,"5,900円",416.0万円,都電荒川線　早稲田,徒歩　2分,（株）ランドネット,1992年（平成 4年） 6月,03-3986-3989,
新規,2025-12-08,100137057795,中古マンション,32.81㎡,東京都新宿区舟町,"専任
オーナーチェンジ","4,990万円",商業,152.1万円,パークホームズ四谷三丁目アーバンレジデンス,4階,1ＬＤＫ,申込あり,"12,210円",502.8万円,丸ノ内線　四谷三丁目,徒歩　2分,三井不動産リアルティ（株）三井のリハウス四谷センター,2007年（平成19年） 5月,03-5368-3831,
新規,2025-12-08,100137054607,中古マンション,79.07㎡,東京都港区芝浦４丁目,一般,"35,000万円",準工,442.7万円,プラウドタワー芝浦,15階,3ＬＤＫ,-,"34,470円","1,463.3万円",山手線　田町,徒歩　11分,三井不動産リアルティ（株）三井のリハウス芝浦センター,2023年（令和 5年） 1月,03-5419-9931,
新規,2025-12-08,100137055700,中古マンション,21.04㎡,東京都港区白金台３丁目,一般,"5,500万円",商業,261.5万円,コンシェリア白金台〈ＴＯＫＹＯ　ＰＬＡＴＩＮＵＭ〉,3階,1Ｋ,-,"9,700円",864.2万円,南北線　白金台,徒歩　6分,（株）クレアスライフ,2021年（令和 3年）12月,03-6824-9505,
新規,2025-12-08,100137049023,中古マンション,74.39㎡,東京都中央区湊２丁目,専属,"15,900万円",商業,213.8万円,アスコットパーク東京八丁堀,4階,3ＬＤＫ,公開中,"15,930円",706.6万円,日比谷線　八丁堀,徒歩　7分,住友不動産ステップ（株）　東京湾岸マンションプラザ,2011年（平成23年） 8月,050-3112-9844,
新規,2025-12-08,100137065249,中古マンション,16.20㎡,東京都新宿区歌舞伎町２丁目,"一般
オーナーチェンジ","1,690万円",商業,104.4万円,ライオンズプラザ新宿,5階,ワンルーム,-,"11,890円",344.9万円,丸ノ内線　新宿三丁目,徒歩　4分,三井不動産リアルティ（株）三井のリハウス新宿センター,1983年（昭和58年） 7月,03-5339-2131,
新規,2025-12-08,100137064197,中古マンション,105.50㎡,東京都千代田区一番町,専任,"48,800万円",二住,462.6万円,Ｂｒｉｌｌｉａ一番町　ブリリア一番町　Ｐ平置き,8階,2ＳＬＤＫ,公開中,"63,800円","1,529.2万円",半蔵門線　半蔵門,徒歩　3分,マジュニア（株）　広尾不動産,2019年（令和 1年） 9月,03-3444-0111,
新規,2025-12-08,100137056331,中古マンション,14.57㎡,東京都港区南青山７丁目,代理,"1,680万円",一中,115.4万円,ＴＯＰ南青山第２,2階,ワンルーム,-,"12,200円",381.2万円,銀座線　表参道,徒歩　14分,ライズ（株）,1984年（昭和59年）10月,03-6411-0902,
新規,2025-12-08,100137061583,中古マンション,187.43㎡,東京都港区白金台１丁目,専任,"90,000万円",二住,480.2万円,グランドヒルズ白金台,8階,3ＬＤＫ,公開中,"93,161円","1,587.4万円",南北線　白金台,徒歩　3分,住友不動産ステップ（株）　麻布マンションプラザ１課,2004年（平成16年） 1月,050-3112-9827,
新規,2025-12-08,100137062774,中古マンション,25.20㎡,東京都新宿区富久町,専属,"1,900万円",商業,75.4万円,四谷コーエイマンション,4階,ワンルーム,公開中,"7,300円",249.3万円,都営新宿線　曙橋,徒歩　5分,東急リバブル（株）　新宿センター,1972年（昭和47年） 6月,03-6876-0109,
新規,2025-12-08,100137054611,中古マンション,20.22㎡,東京都文京区本郷３丁目,"専任
オーナーチェンジ","2,500万円",商業,123.7万円,リヴシティ文京本郷,7階,1Ｋ,公開中,"6,690円",408.8万円,丸ノ内線　本郷三丁目,徒歩　5分,（株）長谷工リアルエステート　上野センター,2009年（平成21年） 2月,03-5807-7513,
新規,2025-12-08,100137052491,中古マンション,30.45㎡,東京都千代田区外神田３丁目,"売主
オーナーチェンジ","2,280万円",商業,74.9万円,末広町ハイム,4階,1ＬＤＫ,-,"15,600円",247.6万円,銀座線　末広町,徒歩　4分,（株）ナブラ,1975年（昭和50年）12月,080-9692-1453,
新規,2025-12-08,100137053702,中古マンション,60.50㎡,東京都新宿区若松町,売主,"6,780万円",一中,112.1万円,近鉄ハイツ新宿,2階,3ＬＤＫ,-,"18,543円",370.5万円,大江戸線　若松河田,徒歩　7分,（株）エスフリー,1975年（昭和50年）10月,03-5962-3812,
新規,2025-12-08,100137057540,中古マンション,73.91㎡,東京都新宿区四谷４丁目,一般,"37,000万円",商業,500.7万円,クラッシィタワー新宿御苑,25階,2ＬＤＫ,-,確認中,"1,655.0万円",丸ノ内線　新宿御苑前,徒歩　4分,美月リアルティ（株）,2024年（令和 6年）10月,03-3780-7008,
新規,2025-12-08,100137063021,中古マンション,60.00㎡,東京都港区海岸２丁目,専任,"9,500万円",準工,158.4万円,ジェイパーク芝浦ベイサイドスクエア,6階,2ＬＤＫ,公開中,"16,300円",523.5万円,山手線　浜松町,徒歩　8分,（株）ＨＯＵＳＥ　ＣＲＥＷ．,2000年（平成12年） 7月,03-5856-4374,
新規,2025-12-08,100137057152,中古マンション,136.47㎡,東京都渋谷区千駄ヶ谷４丁目,一般,"123,000万円",商業,901.3万円,パークコート神宮北参道ザ・タワー,27階,2ＬＤＫ,-,"85,000円","2,979.5万円",副都心線　北参道,徒歩　1分,Ｕｎｉｖｅｒｓａｌ　Ｐａｃｉｆｉｃ　Ｒｅａｌｔｙ（株）,2023年（令和 5年） 5月,090-8792-4493,
新規,2025-12-08,100137051817,中古マンション,85.92㎡,東京都新宿区新宿７丁目,売主,"12,490万円",一住,145.4万円,プライムコート戸山,5階,4ＬＤＫ,-,"20,600円",480.6万円,大江戸線　東新宿,徒歩　4分,オークラヤ住宅（株）　新宿支社　営業第一部,2000年（平成12年） 2月,03-6368-4960,
新規,2025-12-08,100137061594,中古マンション,19.11㎡,東京都新宿区西早稲田２丁目,"専属
オーナーチェンジ","2,500万円",商業,130.9万円,フェニックス西早稲田,9階,1Ｋ,公開中,"9,730円",432.5万円,東西線　早稲田,徒歩　9分,住友不動産ステップ（株）　本社投資第２営業センター,2000年（平成12年）10月,050-3199-2992,
新規,2025-12-08,100137052587,中古マンション,90.20㎡,東京都中央区晴海２丁目,専任,"25,800万円",準工,286.1万円,ザ・パークハウス晴海タワーズクロノレジデンス,43階,2ＬＤＫ,公開中,"26,790円",945.6万円,有楽町線　月島,徒歩　13分,フクザワ（株）,2016年（平成28年） 4月,07093277453,
新規,2025-12-08,100137060456,中古マンション,55.03㎡,東京都新宿区高田馬場４丁目,一般,"13,530万円",商業,245.9万円,パークシティ高田馬場,7階,2ＬＤＫ,-,"17,500円",812.8万円,西武新宿線　高田馬場,徒歩　7分,旭（株）,2025年（令和 7年） 6月,03-6907-1590,
新規,2025-12-08,100137055915,中古マンション,14.54㎡,東京都新宿区市谷砂土原町３丁目,"専任
オーナーチェンジ","1,350万円",一中,92.9万円,トップ市ヶ谷,4階,ワンルーム,公開中,"6,000円",307.0万円,有楽町線　市ケ谷,徒歩　10分,（株）ＫＡＴＯエンジニアリングサービス,1985年（昭和60年） 1月,042-785-4112,
新規,2025-12-08,100137051102,中古マンション,29.42㎡,東京都中央区築地７丁目,"専任
オーナーチェンジ","3,180万円",商業,108.1万円,シティコープ築地栄寿,8階,1Ｋ,公開中,"10,050円",357.4万円,日比谷線　築地,徒歩　5分,東急リバブル（株）　勝どきセンター,1983年（昭和58年） 8月,03-6866-3861,
新規,2025-12-08,100137051542,中古マンション,43.47㎡,東京都中央区日本橋小網町,売主,"5,480万円",商業,126.1万円,ＭＡＣ小網町コート,2階,1ＬＤＫ,-,"19,100円",416.8万円,日比谷線　人形町,徒歩　3分,（株）アンフィス,1983年（昭和58年） 9月,080-7299-2040,
新規,2025-12-08,100137053108,中古マンション,57.33㎡,東京都港区六本木７丁目,専任,"18,800万円",一住,328.0万円,オープンレジデンシア六本木美術館前,2階,1ＬＤＫ,公開中,"14,910円","1,084.1万円",日比谷線　六本木,徒歩　5分,（株）クレストリッチ,2013年（平成25年） 8月,03-6273-1850,
新規,2025-12-08,100137057834,中古マンション,160.33㎡,東京都港区六本木３丁目,"専任
オーナーチェンジ","180,000万円",商業,"1,122.7万円",ＴＨＥ　ＲＯＰＰＯＮＧＩ　ＴＯＫＹＯ,39階,3ＬＤＫ,公開中,"66,370円","3,711.4万円",日比谷線　六本木,徒歩　3分,三井不動産リアルティ（株）三井のリアルプラン青山サロン,2011年（平成23年）11月,03-3409-6131,
新規,2025-12-08,100137057982,中古マンション,60.47㎡,東京都新宿区西早稲田１丁目,専任,"6,980万円",準工,115.5万円,フジタ早稲田マンション,3階,3ＬＤＫ,公開中,"12,090円",381.6万円,都電荒川線　早稲田,徒歩　4分,三井住友トラスト不動産（株）　新宿センター,1979年（昭和54年） 3月,03-5322-9721,
新規,2025-12-08,100137055933,中古マンション,24.86㎡,東京都港区東新橋２丁目,"一般
オーナーチェンジ","2,130万円",商業,85.7万円,中銀第２新橋マンシオン,8階,1Ｋ,-,"9,000円",283.3万円,山手線　新橋,徒歩　6分,（株）日本財託,1982年（昭和57年） 5月,03-6279-0017,
新規,2025-12-08,100137055279,中古マンション,79.84㎡,東京都中央区勝どき５丁目,"専属
オーナーチェンジ","31,800万円",商業,398.3万円,勝どきザ・タワー,47階,2ＬＤＫ,公開中,"19,080円","1,316.7万円",大江戸線　勝どき,徒歩　6分,（株）プリンセススクゥエアー,2016年（平成28年）11月,080-1031-8371,
新規,2025-12-08,100137058038,中古マンション,70.05㎡,東京都新宿区富久町,専任,"21,980万円",商業,313.8万円,富久クロスコンフォートタワー,34階,3ＬＤＫ,公開中,"24,650円","1,037.3万円",丸ノ内線　新宿御苑前,徒歩　7分,野村不動産ソリューションズ（株）　麻布営業部,2015年（平成27年） 4月,03-5444-2281,
新規,2025-12-08,100137063588,中古マンション,70.33㎡,東京都港区赤坂６丁目,売主,"39,800万円",一中,566.0万円,ミッドガーデン赤坂氷川,10階,2ＬＤＫ,-,"20,700円","1,870.8万円",千代田線　赤坂,徒歩　5分,（株）ランドネット　渋谷支店,2013年（平成25年） 3月,03-3409-1318,
新規,2025-12-08,100137059293,中古マンション,32.92㎡,東京都渋谷区代々木１丁目,"専任
オーナーチェンジ","4,160万円",商業,126.4万円,セントヒルズ代々木,6階,ワンルーム,公開中,"12,880円",417.8万円,山手線　代々木,徒歩　1分,京王ユナイテッド（株）,1982年（昭和57年）10月,070-3194-2401,
新規,2025-12-08,100137051551,中古マンション,52.25㎡,東京都新宿区西新宿４丁目,売主,"8,699万円",商業,166.5万円,ハイネスロフティ,12階,2ＬＤＫ,-,"11,200円",550.4万円,大江戸線　都庁前,徒歩　6分,（株）エンリード不動産,1979年（昭和54年） 2月,05057832146,
新規,2025-12-08,100137065053,新築マンション,68.15㎡,東京都新宿区大久保３丁目,専属,"17,800万円",二住,261.2万円,スカイフォレストレジデンス,4階,2ＬＤＫ,公開中,"21,265円",863.5万円,山手線　高田馬場,徒歩　6分,スターツピタットハウス（株）　三鷹北口店,2014年（平成26年）12月,0422-60-5660,
新規,2025-12-08,100137056404,中古マンション,30.29㎡,東京都新宿区北新宿３丁目,専属,"2,580万円",近商,85.2万円,シャンボール北新宿,3階,1ＤＫ,公開中,"6,900円",281.6万円,総武中央線　大久保,徒歩　4分,（株）夏野ホームズ,1978年（昭和53年） 4月,03-5358-9377,
新規,2025-12-08,100137061544,中古マンション,75.72㎡,東京都文京区湯島４丁目,専任,"22,800万円",一中,301.2万円,ザ・パークハウス湯島龍岡町,5階,3ＬＤＫ,公開中,"20,680円",995.5万円,千代田線　湯島,徒歩　8分,住友不動産ステップ（株）　小石川マンションプラザ,2014年（平成26年）10月,050-3112-9809,
新規,2025-12-08,100137064237,中古マンション,41.23㎡,東京都渋谷区神宮前２丁目,一般,"7,990万円",二住,193.8万円,パーク・ノヴァ神宮前,3階,ワンルーム,-,"15,000円",640.7万円,山手線　原宿,徒歩　9分,住友不動産ステップ（株）　渋谷マンションプラザ,1986年（昭和61年） 6月,050-3112-9793,
新規,2025-12-08,100137062424,中古マンション,47.74㎡,東京都新宿区西新宿７丁目,売主,"13,800万円",商業,289.1万円,ファーストリアルタワー新宿,25階,1ＬＤＫ,-,"19,320円",955.6万円,大江戸線　新宿西口,徒歩　4分,ポスト・ライフ（株）,2006年（平成18年） 3月,03-5348-8288,
新規,2025-12-08,100137051745,中古マンション,14.31㎡,東京都文京区白山２丁目,売主,"1,480万円",一住,103.5万円,ペガサスマンション白山,1階,ワンルーム,-,"7,200円",341.9万円,大江戸線　春日,徒歩　7分,（株）城南キャピタル,1984年（昭和59年） 7月,070-2249-5516,
新規,2025-12-08,100135047780,中古マンション,24.71㎡,東京都渋谷区道玄坂１丁目,専任,"6,280万円",商業,254.2万円,ＳＨＩＢＵＹＡ　ＨＩＬＬ　ＴＯＰ,,ワンルーム,公開中,"9,300円",840.2万円,井の頭線　神泉,徒歩　4分,日信興業（株）,2016年（平成28年）月不詳,03-3261-6261,
新規,2025-12-08,100137053211,中古マンション,94.18㎡,東京都港区芝浦４丁目,売主,"24,500万円",二住,260.2万円,芝浦アイランド　ケープタワー,32階,3ＬＤＫ,-,"22,890円",860.0万円,山手線　田町,徒歩　14分,（株）コスモスイニシア　田町営業所,2006年（平成18年）10月,03-5444-3720,
新規,2025-12-08,300137050795,中古マンション,23.26㎡,東京都中央区築地１丁目,"売主
オーナーチェンジ","3,100万円",商業,133.3万円,ファミール東銀座グランスイートタワー,6階,ワンルーム,-,"4,890円",440.6万円,有楽町線　新富町,徒歩　2分,（株）ＥＸｓｔａｔｅ,2004年（平成16年） 2月,080-3843-6946,
新規,2025-12-08,100137055955,中古マンション,93.47㎡,東京都新宿区市谷薬王寺町,一般,"14,000万円",一中,149.8万円,アージュ薬王寺,1階,1ＬＤＫ,-,"20,400円",495.2万円,大江戸線　牛込神楽坂,徒歩　5分,（株）長谷工リアルエステート　新宿センター,2002年（平成14年） 7月,03-5989-0828,
新規,2025-12-08,100137062577,中古マンション,50.88㎡,東京都渋谷区千駄ヶ谷４丁目,売主,"6,799万円",商業,133.7万円,シャトレー代々木,3階,2ＬＤＫ,-,"13,120円",441.8万円,山手線　代々木,徒歩　5分,（株）未来都市開発,1976年（昭和51年） 7月,080-5878-0127,
新規,2025-12-08,100137064236,中古マンション,67.26㎡,東京都港区高輪３丁目,一般,"20,800万円",商業,309.3万円,ザ・ヒルトップタワー高輪台,3階,2ＬＤＫ,-,"15,940円","1,022.4万円",都営浅草線　高輪台,徒歩　1分,住友不動産ステップ（株）　東京湾岸マンションプラザ,2010年（平成22年） 3月,050-3112-9844,
新規,2025-12-08,100137052673,中古マンション,107.69㎡,東京都港区白金台３丁目,専任,"54,800万円",商業,508.9万円,ジオグランデ白金台,16階,3ＬＤＫ,公開中,"34,660円","1,682.3万円",都営三田線　白金台,徒歩　4分,Ｐｒｏｐｅｒｔｙ　Ａｃｃｅｓｓ（株）,2025年（令和 7年） 7月,03-6447-2767,
新規,2025-12-08,100137050638,中古マンション,72.20㎡,東京都港区南青山６丁目,売主,"17,980万円",商業,249.1万円,ヴィラージュ南青山,2階,2ＬＤＫ,-,"19,100円",823.3万円,銀座線　表参道,徒歩　11分,（株）ツクルバボックス,1997年（平成 9年） 9月,050-5810-0988,
新規,2025-12-08,100137056359,中古マンション,49.58㎡,東京都港区南麻布３丁目,一般,"7,480万円",二中,150.9万円,シャンボール南麻布,2階,1ＬＤＫ,-,"13,000円",498.8万円,南北線　白金高輪,徒歩　13分,スター・マイカ・レジデンス（株）,1980年（昭和55年） 8月,03-5776-2555,
新規,2025-12-08,100137052202,中古マンション,48.79㎡,東京都港区南青山７丁目,"売主
オーナーチェンジ","6,480万円",近商,132.9万円,南青山高樹町ハイツ,6階,1ＬＤＫ,-,"12,200円",439.1万円,銀座線　表参道,徒歩　11分,（株）ランドネット横浜支店,1976年（昭和51年） 8月,045-313-9035,
新規,2025-12-08,100137057348,中古マンション,36.67㎡,東京都港区芝浦２丁目,専任,"3,980万円",準工,108.6万円,ニューハイム田町,4階,1ＬＤＫ,公開中,"16,700円",358.8万円,ゆりかもめ　芝浦ふ頭,徒歩　9分,（株）ツクルバ,1980年（昭和55年） 3月,03-5725-0182,
新規,2025-12-08,100137064459,中古マンション,70.71㎡,東京都渋谷区東２丁目,一般,"29,800万円",準工,421.5万円,プラウド渋谷東,6階,2ＬＤＫ,-,"37,970円","1,393.2万円",山手線　渋谷,徒歩　9分,（株）アビリティソリューション,2025年（令和 7年） 7月,03-6408-5565,
新規,2025-12-08,100137050640,中古マンション,60.08㎡,東京都港区西麻布４丁目,売主,"13,990万円",商業,232.9万円,日神パレステージ西麻布,10階,2ＬＤＫ,-,"16,800円",769.8万円,日比谷線　広尾,徒歩　10分,（株）ツクルバボックス,1996年（平成 8年） 3月,050-5810-0988,
新規,2025-12-08,100137049673,中古マンション,43.33㎡,東京都新宿区大久保３丁目,売主,"5,180万円",商業,119.6万円,トーア早稲田マンション,10階,1ＬＤＫ,-,"7,917円",395.2万円,副都心線　西早稲田,徒歩　1分,聖幸ライフ（株）,1978年（昭和53年） 9月,03-6233-9788,
新規,2025-12-08,100137062780,中古マンション,22.96㎡,東京都中央区銀座４丁目,専属,"3,980万円",商業,173.4万円,サントル銀座四丁目,7階,ワンルーム,公開中,"11,500円",573.1万円,日比谷線　東銀座,徒歩　1分,東急リバブル（株）　日本橋センター,1981年（昭和56年） 9月,050-3101-1168,
新規,2025-12-08,100137064305,中古マンション,25.52㎡,東京都新宿区新宿６丁目,一般,"4,000万円",商業,156.8万円,プレール・ドゥーク東新宿Ⅲ,9階,1Ｋ,-,"6,120円",518.2万円,大江戸線　東新宿,徒歩　6分,信義房屋不動産（株）,2017年（平成29年） 1月,0353886899,
新規,2025-12-08,100137053348,中古マンション,21.28㎡,東京都新宿区西新宿７丁目,売主,"1,280万円",商業,60.2万円,セードル新宿ハイツ,5階,1Ｋ,-,"7,450円",198.9万円,山手線　新宿,徒歩　8分,（株）ランドネット横浜支店,1978年（昭和53年） 7月,045-313-9034,
新規,2025-12-08,100137054812,中古マンション,66.50㎡,東京都新宿区山吹町,専任,"17,980万円",商業,270.4万円,ザ・パークハウス山吹神楽坂,2階,2ＬＤＫ,公開中,"16,890円",893.9万円,有楽町線　江戸川橋,徒歩　4分,野村不動産ソリューションズ（株）　虎ノ門センター,2017年（平成29年）10月,03-6402-5385,
新規,2025-12-08,100137056415,中古マンション,68.50㎡,東京都文京区根津１丁目,一般,"11,500万円",商業,167.9万円,タウンシップ文京根津,6階,2ＳＬＤＫ,-,"21,920円",555.0万円,千代田線　根津,徒歩　2分,スター・マイカ・レジデンス（株）,1992年（平成 4年） 2月,03-5776-2555,
新規,2025-12-08,100137051374,中古マンション,82.40㎡,東京都港区芝３丁目,専任,"22,000万円",商業,267.0万円,芝パーク・タワー,21階,2ＬＤＫ,公開中,"21,260円",882.7万円,都営三田線　三田,徒歩　3分,（株）スバル,2001年（平成13年） 5月,03-5788-2720,
新規,2025-12-08,100137064067,中古マンション,46.06㎡,東京都港区元麻布２丁目,一般,"8,880万円",近商,192.8万円,有栖川ナショナルコート,6階,1ＬＤＫ,-,"14,300円",637.4万円,日比谷線　広尾,徒歩　9分,スターツピタットハウス（株）　自由が丘店,1974年（昭和49年） 1月,03-5731-6936,
新規,2025-12-08,100137062684,中古マンション,76.37㎡,東京都港区白金１丁目,専属,"38,400万円",商業,502.9万円,白金ザ・スカイ　西棟,19階,3ＬＤＫ,公開中,"10,000円","1,662.2万円",南北線　白金高輪,徒歩　3分,東急リバブル（株）　白金高輪センター,2023年（令和 5年） 2月,03-5449-6461,
新規,2025-12-08,100137062458,中古マンション,51.18㎡,東京都中央区湊２丁目,売主,"18,800万円",商業,367.4万円,パークシティ中央湊ザタワー,15階,2ＬＤＫ,-,"17,860円","1,214.4万円",日比谷線　八丁堀,徒歩　6分,（株）シンプレクス・リアルティ,2017年（平成29年）11月,080-7024-4783,
新規,2025-12-08,100137052201,中古マンション,17.06㎡,東京都文京区千駄木４丁目,"売主
オーナーチェンジ","1,680万円",商業,98.5万円,ダイホープラザ千駄木,6階,1Ｋ,-,"6,000円",325.6万円,山手線　田端,徒歩　9分,（株）ランドネット　渋谷支店,1997年（平成 9年） 7月,03-3409-1313,
新規,2025-12-08,100137049043,中古マンション,68.49㎡,東京都中央区晴海２丁目,専任,"15,980万円",準工,233.4万円,パークタワー晴海,43階,3ＬＤＫ,公開中,"22,510円",771.4万円,有楽町線　月島,徒歩　11分,住友不動産ステップ（株）　麻布営業センター,2019年（平成31年） 2月,050-3112-9826,
新規,2025-12-08,100137061582,中古マンション,80.92㎡,東京都新宿区西新宿５丁目,専任,"28,500万円",商業,352.2万円,パークタワー西新宿,32階,2ＬＤＫ,公開中,"36,410円","1,164.3万円",大江戸線　西新宿五丁目,徒歩　6分,住友不動産ステップ（株）　本社マンションプラザ,2024年（令和 6年）11月,050-3112-9913,
新規,2025-12-08,100137051757,中古マンション,14.45㎡,東京都文京区白山２丁目,売主,"1,480万円",一住,102.5万円,ペガサスマンション白山,1階,ワンルーム,-,"7,200円",338.6万円,大江戸線　春日,徒歩　7分,（株）城南キャピタル,1984年（昭和59年） 7月,070-2249-5516,
新規,2025-12-08,100137058024,中古マンション,80.35㎡,東京都港区三田２丁目,専任,"34,980万円",近商,435.4万円,ザ・レジデンス三田,8階,3ＬＤＫ,公開中,"28,100円","1,439.2万円",大江戸線　赤羽橋,徒歩　6分,野村不動産ソリューションズ（株）　レアリア東京,2014年（平成26年）11月,03-5114-5973,
新規,2025-12-08,100137052359,中古マンション,36.25㎡,東京都港区芝浦４丁目,売主,"4,180万円",準工,115.4万円,グランドパレス田町,9階,1ＬＤＫ,-,"8,200円",381.2万円,山手線　田町,徒歩　9分,（株）アンフィス,1980年（昭和55年） 6月,080-7299-2040,
新規,2025-12-08,100137050584,中古マンション,26.86㎡,東京都文京区目白台１丁目,売主,"2,480万円",一中,92.4万円,目白台コーポ,5階,1ＤＫ,-,"7,280円",305.3万円,都電荒川線　早稲田,徒歩　4分,トップランク不動産（株）,1970年（昭和45年） 5月,03-5749-3278,
新規,2025-12-08,100137061570,中古マンション,30.42㎡,東京都新宿区西落合１丁目,"専任
オーナーチェンジ","4,980万円",近商,163.8万円,ＺＯＯＭ新宿西落合,3階,2Ｋ,公開中,"8,600円",541.2万円,大江戸線　落合南長崎,徒歩　7分,住友不動産ステップ（株）　日本橋営業センター１課,2019年（令和 1年）12月,050-3112-9832,
新規,2025-12-08,100137051126,中古マンション,39.17㎡,東京都中央区日本橋蛎殻町１丁目,"専属
オーナーチェンジ","5,980万円",商業,152.7万円,ブロードシティ東京,8階,1ＤＫ,公開中,"15,000円",504.7万円,半蔵門線　水天宮前,徒歩　1分,東急リバブル（株）　日暮里センター,2005年（平成17年） 7月,03-6872-1109,
新規,2025-12-08,100137051094,中古マンション,25.50㎡,東京都港区六本木３丁目,専属,"4,890万円",商業,191.8万円,コープ野村六本木１,3階,1Ｋ,申込あり,"8,712円",634.0万円,日比谷線　六本木,徒歩　6分,東急リバブル（株）　麻布センター,1980年（昭和55年） 3月,03-5765-6962,
新規,2025-12-08,100137052675,中古マンション,87.80㎡,東京都港区三田２丁目,売主,"12,000万円",一中,136.7万円,セントラル三田,4階,3ＬＤＫ,-,"10,000円",451.9万円,大江戸線　麻布十番,徒歩　10分,（株）ジャパンプライムムーバ,1978年（昭和53年）11月,03-6809-5481,
新規,2025-12-08,100137062713,中古マンション,25.35㎡,東京都文京区本郷１丁目,専属,"5,980万円",商業,235.9万円,ブランズ文京本郷一丁目,9階,1Ｋ,公開中,"12,200円",779.9万円,都営三田線　春日,徒歩　4分,東急リバブル（株）　文京春日センター,2021年（令和 3年）12月,03-6772-5109,
新規,2025-12-08,400137065190,中古マンション,77.56㎡,東京都新宿区富久町,売主,"21,490万円",商業,277.1万円,ローレルコート新宿タワー,32階,2ＬＤＫ,-,"19,700円",916.0万円,丸ノ内線　新宿御苑前,徒歩　8分,（株）アールカンパニー,2002年（平成14年）10月,090-6510-8709,
新規,2025-12-08,100137062594,中古マンション,101.33㎡,東京都港区白金１丁目,売主,"39,880万円",商業,393.6万円,白金タワー,26階,3ＬＤＫ,-,"21,200円","1,301.1万円",南北線　白金高輪,徒歩　1分,グローバルベイス（株）,2005年（平成17年） 9月,08034508146,
新規,2025-12-08,100137048756,中古マンション,21.97㎡,東京都千代田区神田小川町３丁目,売主,"2,550万円",商業,116.1万円,インペリアル御茶の水,3階,ワンルーム,-,"9,900円",383.7万円,都営新宿線　小川町,徒歩　3分,（株）デュープレックスディメンション,1980年（昭和55年） 8月,09032418903,
新規,2025-12-08,100137064291,中古マンション,86.62㎡,東京都千代田区一番町,一般,"31,100万円",商業,359.1万円,レグノ・グランデ一番町タワー,17階,3ＬＤＫ,-,"23,400円","1,187.0万円",半蔵門線　半蔵門,徒歩　3分,（株）ランドネット,2008年（平成20年） 4月,03-3986-4049,
新規,2025-12-08,100137065266,中古マンション,64.61㎡,東京都新宿区西新宿５丁目,専任,"16,800万円",二住,260.1万円,ザ・パークハウス西新宿タワー６０,6階,2ＬＤＫ,公開中,"19,410円",859.6万円,大江戸線　西新宿五丁目,徒歩　7分,（株）長谷工リアルエステート　新宿センター,2017年（平成29年） 8月,03-5989-0828,
新規,2025-12-08,100137048531,中古マンション,42.77㎡,東京都中央区勝どき２丁目,一般,"7,750万円",二住,181.3万円,ロメック勝どき,2階,1ＬＤＫ,-,"8,600円",599.1万円,大江戸線　勝どき,徒歩　2分,（株）アセットアイデア,2009年（平成21年） 4月,03-6459-2034,
新規,2025-12-08,100137054626,中古マンション,20.10㎡,東京都文京区千駄木２丁目,"専任
オーナーチェンジ","1,450万円",商業,72.2万円,ダイヤハイツ千駄木,6階,ワンルーム,公開中,"9,880円",238.5万円,千代田線　千駄木,徒歩　1分,東急リバブル（株）　投資マンション推進課,1984年（昭和59年） 3月,03-3463-6147,
新規,2025-12-08,100137055138,中古マンション,100.62㎡,東京都港区赤坂８丁目,売主,"28,500万円",一中,283.3万円,赤坂グランドハウス,3階,3ＬＤＫ,-,"31,277円",936.4万円,銀座線　青山一丁目,徒歩　5分,（株）パックシステム,1979年（昭和54年） 8月,090-4900-3203,
新規,2025-12-08,100137051054,中古マンション,74.47㎡,東京都中央区勝どき５丁目,専属,"18,800万円",商業,252.5万円,勝どきザ・タワー,29階,2ＬＤＫ,公開中,"17,800円",834.6万円,大江戸線　勝どき,徒歩　7分,東急リバブル（株）　勝どきセンター,2016年（平成28年）11月,03-6866-3861,
新規,2025-12-08,100137054587,中古マンション,252.16㎡,東京都渋谷区桜丘町,売主,"249,000万円",商業,987.5万円,ブランズ渋谷桜丘,28階,3ＳＬＤＫ,-,"150,400円","3,264.4万円",山手線　渋谷,徒歩　3分,積水ハウス不動産（株）　東京西営業所,2023年（令和 5年）11月,03-5352-3377,
新規,2025-12-08,100137056042,中古マンション,23.37㎡,東京都中央区湊３丁目,"専任
オーナーチェンジ","2,400万円",商業,102.7万円,プレール・ドゥーク銀座ＥＡＳＴ,1階,1Ｋ,公開中,"6,080円",339.5万円,有楽町線　新富町,徒歩　6分,（株）日本財託,2004年（平成16年） 9月,03-6279-0017,
新規,2025-12-08,100137050793,中古マンション,62.81㎡,東京都中央区新川１丁目,売主,"15,990万円",商業,254.6万円,サンウッド東京茅場町パークフロント,2階,3ＬＤＫ,-,"11,870円",841.6万円,日比谷線　茅場町,徒歩　6分,（株）ＭＵＳＵＢＵ,2015年（平成27年） 4月,03-6452-5451,
新規,2025-12-08,100137053217,中古マンション,45.44㎡,東京都港区麻布台２丁目,売主,"18,800万円",二住,413.8万円,麻布台パークハウス,4階,1Ｋ,-,"16,340円","1,367.8万円",南北線　麻布十番,徒歩　6分,（株）長谷工リアルエステート　成増店,2011年（平成23年） 1月,070-4180-6624,
新規,2025-12-08,100137057794,中古マンション,18.69㎡,東京都新宿区余丁町,専任,"1,980万円",近商,106.0万円,プレール新宿余丁町,9階,1Ｋ,公開中,"10,560円",350.3万円,大江戸線　若松河田,徒歩　5分,三井不動産リアルティ（株）三井のリハウス四谷センター,2000年（平成12年） 1月,03-5368-3831,
新規,2025-12-08,100137054813,中古マンション,79.95㎡,東京都港区東新橋１丁目,専任,"32,800万円",商業,410.3万円,東京ツインパークス　レフトウイング,21階,2ＬＤＫ,公開中,"29,600円","1,356.3万円",大江戸線　汐留,徒歩　3分,野村不動産ソリューションズ（株）　虎ノ門センター,2002年（平成14年） 9月,03-6402-5385,
新規,2025-12-08,100137055133,中古マンション,37.03㎡,東京都港区赤坂９丁目,専任,"28,900万円",二住,780.5万円,パークコート赤坂檜町ザタワー,21階,1ＬＤＫ,公開中,"14,440円","2,580.0万円",千代田線　乃木坂,徒歩　2分,（株）ＮＩＹＳ,2018年（平成30年） 2月,090-9822-3395,
新規,2025-12-08,100137053642,中古マンション,45.98㎡,東京都新宿区西落合２丁目,売主,"2,980万円",準工,64.9万円,哲学堂マンション,4階,2ＬＤＫ,-,"10,400円",214.3万円,大江戸線　落合南長崎,徒歩　8分,アロハ不動産（株）,1964年（昭和39年） 4月,03-6278-9718,
新規,2025-12-08,100137057592,中古マンション,35.76㎡,東京都新宿区百人町２丁目,売主,"2,488万円",一住,69.6万円,大久保ローヤルコーポ,6階,1ＬＤＫ,-,"5,000円",230.0万円,総武中央線　大久保,徒歩　4分,（株）アクロスアラウンド,1972年（昭和47年） 1月,03-5357-8460,
新規,2025-12-08,300137054867,中古マンション,29.24㎡,東京都港区新橋５丁目,"売主
オーナーチェンジ","4,780万円",商業,163.5万円,ラ　ステュディオ新橋,7階,1Ｋ,-,"10,400円",540.5万円,山手線　新橋,徒歩　7分,（株）ランドネット　大阪支店,2014年（平成26年）11月,06-6359-1858,
新規,2025-12-08,100137052193,中古マンション,36.45㎡,東京都新宿区上落合１丁目,"一般
オーナーチェンジ","1,350万円",準工,37.1万円,ダイアパレス上落合,2階,2Ｋ,-,"6,800円",122.5万円,西武新宿線　下落合,徒歩　5分,（株）ランドネット,1979年（昭和54年） 7月,03-3986-7262,
新規,2025-12-08,100137051095,中古マンション,158.36㎡,東京都渋谷区神宮前５丁目,専属,"64,500万円",一中,407.3万円,神宮前五丁目ブランシェ,5階,2ＬＤＫ,公開中,"48,300円","1,346.5万円",半蔵門線　渋谷,徒歩　7分,東急リバブル（株）　ＧＲＡＮＴＡＣＴ渋谷,2002年（平成14年）10月,03-6892-7109,
新規,2025-12-08,100137052588,中古マンション,23.49㎡,東京都文京区水道１丁目,"売主
オーナーチェンジ","1,700万円",二住,72.4万円,マック小石川コート,4階,ワンルーム,-,"7,210円",239.3万円,丸ノ内線　後楽園,徒歩　11分,京王ユナイテッド（株）,1981年（昭和56年） 3月,080-4618-8720,
新規,2025-12-08,100137065170,新築マンション,44.14㎡,東京都港区浜松町２丁目,売主,"20,600万円",商業,466.7万円,ＷＯＲＬＤ　ＴＯＷＥＲ　ＲＥＳＩＤＥＮＣＥ,27階,1ＬＤＫ,-,"32,390円","1,542.8万円",山手線　浜松町,徒歩　2分,（株）ビリオンスター,2024年（令和 6年）11月,03-6230-9995,
新規,2025-12-08,100137061556,中古マンション,55.88㎡,東京都中央区新川２丁目,"専任
オーナーチェンジ","14,900万円",商業,266.7万円,ブリリアザタワー東京八重洲アベニュー,5階,2ＬＤＫ,公開中,"20,300円",881.5万円,日比谷線　八丁堀,徒歩　5分,住友不動産ステップ（株）　小石川マンションプラザ,2017年（平成29年） 9月,050-3112-9809,
新規,2025-12-08,100137055410,中古マンション,92.70㎡,東京都中央区勝どき４丁目,代理,"42,980万円",二住,463.7万円,パークタワー勝どきミッド,42階,3ＬＤＫ,-,"32,760円","1,532.8万円",大江戸線　勝どき,徒歩　1分,ＴＨＥ　ＢＲＩＤＧＥ（株）,2023年（令和 5年） 8月,03-6264-0886,
新規,2025-12-08,100137057919,中古マンション,68.15㎡,東京都新宿区高田馬場４丁目,代理,"15,980万円",商業,234.5万円,パークシティ高田馬場,6階,3ＬＤＫ,-,"25,080円",775.2万円,山手線　高田馬場,徒歩　7分,三友サービス（株）,2025年（令和 7年） 5月,090-4189-9767,
新規,2025-12-08,100137053020,中古マンション,70.84㎡,東京都中央区晴海２丁目,売主,"18,900万円",商業,266.8万円,パークタワー晴海　手５パ－,45階,2ＬＤＫ,-,"23,020円",882.0万円,大江戸線　月島,徒歩　12分,（株）東安商事,2019年（平成31年） 2月,070-7460-3357,
新規,2025-12-08,100137065186,中古マンション,15.92㎡,東京都港区芝５丁目,売主,"1,680万円",商業,105.6万円,ハイベール三田,2階,ワンルーム,-,"5,880円",348.9万円,都営三田線　三田,徒歩　2分,ネクストリノベーション（株）,1980年（昭和55年） 9月,046-200-7203,
新規,2025-12-08,100137055136,中古マンション,77.55㎡,東京都中央区勝どき５丁目,売主,"22,900万円",商業,295.3万円,勝どきザ・タワー,26階,3ＬＤＫ,-,"18,530円",976.2万円,大江戸線　勝どき,徒歩　7分,（株）パックシステム,2016年（平成28年）12月,090-4900-3203,
新規,2025-12-08,100137062761,中古マンション,72.95㎡,東京都中央区晴海３丁目,専任,"17,400万円",準工,238.6万円,ドゥ・トール,5階,3ＳＬＤＫ,公開中,"22,668円",788.5万円,大江戸線　勝どき,徒歩　5分,東急リバブル（株）　勝どきミッドセンター,2015年（平成27年） 9月,03-6882-0109,
新規,2025-12-08,100133592705,中古マンション,58.25㎡,東京都中央区勝どき５丁目,"一般
オーナーチェンジ","14,500万円",一住,249.0万円,ＫＡＣＨＩＤＯＫＩ　ＴＨＥ　ＴＯＷＥＲ　勝どき　ザ・タワー,,1ＳＬＤＫ,-,"13,920円",822.9万円,大江戸線　勝どき,徒歩　7分,ロイヤルハウジング販売（株）　勝どきザ・タワー店,2016年（平成28年）11月,0362211101,
新規,2025-12-08,100137054603,中古マンション,25.66㎡,東京都中央区新川１丁目,一般,"4,380万円",商業,170.7万円,ステージグランデ茅場町,5階,1Ｋ,-,"7,700円",564.3万円,日比谷線　茅場町,徒歩　7分,三井不動産リアルティ（株）三井のリハウス勝どきザ・タワーセンター,2012年（平成24年） 5月,03-3533-5731,
新規,2025-12-08,100137062728,中古マンション,31.00㎡,東京都千代田区岩本町２丁目,専属,"5,980万円",商業,193.0万円,リビオレゾン千代田岩本町ルジェンテ,3階,1ＤＫ,公開中,"11,000円",637.7万円,都営新宿線　岩本町,徒歩　3分,東急リバブル（株）　御茶ノ水センター,2020年（令和 2年） 5月,03-6855-1109,
新規,2025-12-08,100137062721,中古マンション,16.16㎡,東京都新宿区高田馬場３丁目,"専属
オーナーチェンジ","1,650万円",一住,102.2万円,スカイコート高田馬場,1階,ワンルーム,公開中,"6,100円",337.6万円,西武新宿線　下落合,徒歩　3分,東急リバブル（株）　高田馬場センター,1996年（平成 8年） 1月,03-5291-1029,
新規,2025-12-08,100137052213,中古マンション,19.85㎡,東京都港区南麻布２丁目,"売主
オーナーチェンジ","2,280万円",商業,114.9万円,リバーサイド麻布,3階,ワンルーム,-,"9,525円",379.8万円,南北線　白金高輪,徒歩　9分,（株）ランドネット横浜支店,1990年（平成 2年） 9月,045-313-9035,
新規,2025-12-08,100137049042,新築マンション,74.11㎡,東京都中央区晴海５丁目,専属,"31,000万円",商業,418.3万円,ＨＡＲＵＭＩ　ＦＬＡＧ　ＳＵＮ　ＶＩＬＬＡＧＥ,23階,3ＬＤＫ,公開中,"28,610円","1,382.8万円",大江戸線　勝どき,徒歩　14分,住友不動産ステップ（株）　麻布営業センター,2025年（令和 7年） 9月,050-3112-9826,
新規,2025-12-08,100137050905,中古マンション,58.67㎡,東京都港区赤坂２丁目,売主,"16,980万円",商業,289.5万円,チュリス赤坂,8階,1ＬＤＫ,-,"22,170円",956.8万円,銀座線　溜池山王,徒歩　2分,ララハウス（株）　自由が丘支店,1983年（昭和58年）11月,03-6421-3500,
新規,2025-12-08,100137056390,中古マンション,74.06㎡,東京都渋谷区恵比寿１丁目,一般,"29,800万円",近商,402.4万円,グランドヒルズ恵比寿,12階,2ＬＤＫ,-,"32,500円","1,330.2万円",山手線　恵比寿,徒歩　8分,合豊（株）,2019年（平成31年） 3月,03-3520-9233,
新規,2025-12-08,100137057833,中古マンション,86.51㎡,東京都港区虎ノ門１丁目,"専任
オーナーチェンジ","120,000万円",商業,"1,387.2万円",虎ノ門ヒルズレジデンス,38階,2ＬＤＫ,公開中,"55,590円","4,585.6万円",日比谷線　虎ノ門ヒルズ,徒歩　1分,三井不動産リアルティ（株）三井のリアルプラン青山サロン,2014年（平成26年） 5月,03-3409-6131,
新規,2025-12-08,100137056431,中古マンション,105.46㎡,東京都港区西麻布３丁目,売主,"58,800万円",二中,557.6万円,ザ・パークハウス西麻布霞町,5階,2ＬＤＫ,-,"42,080円","1,843.2万円",日比谷線　六本木,徒歩　8分,フォレストガーデン（株）,2016年（平成28年） 2月,09024742287,
新規,2025-12-08,100137063775,中古マンション,80.56㎡,東京都港区六本木３丁目,一般,"38,000万円",商業,471.7万円,ＴＨＥ　ＲＯＰＰＯＮＧＩ　ＴＯＫＹＯ　ＣＬＵＢ　ＲＥＳＩＤＥＮＣＥ,18階,2ＬＤＫ,-,"33,300円","1,559.4万円",日比谷線　六本木,徒歩　3分,（株）ルネッサンス,2011年（平成23年）11月,03-5545-5635,
新規,2025-12-08,100137065278,中古マンション,93.47㎡,東京都新宿区市谷薬王寺町,一般,"14,000万円",一中,149.8万円,アージュ薬王寺,1階,1ＬＤＫ,-,"20,400円",495.2万円,大江戸線　牛込柳町,徒歩　5分,東急リバブル（株）　飯田橋センター,2002年（平成14年） 7月,03-6867-1091,
新規,2025-12-08,100137062798,中古マンション,20.79㎡,東京都港区南麻布３丁目,"一般
オーナーチェンジ","3,700万円",商業,178.0万円,コンシェリア南麻布ＴＯＫＹＯ　ＰＲＥＭＩＵＭ　ＷＥＳＴ,6階,1Ｋ,-,"13,000円",588.4万円,南北線　白金高輪,徒歩　10分,東急リバブル（株）　麻布センター,2017年（平成29年） 2月,03-5765-6962,
新規,2025-12-08,100137062731,中古マンション,25.50㎡,東京都中央区築地７丁目,"専属
オーナーチェンジ","2,500万円",商業,98.1万円,築地永谷コーポラス,13階,1Ｋ,申込あり,"3,900円",324.1万円,日比谷線　築地,徒歩　7分,東急リバブル（株）　勝どきセンター,1974年（昭和49年） 1月,03-6866-3861,
新規,2025-12-08,100137051086,中古マンション,65.27㎡,東京都新宿区筑土八幡町,専任,"15,980万円",二住,244.9万円,パークハウス飯田橋レジデンス,6階,2ＬＤＫ,公開中,"13,958円",809.4万円,有楽町線　飯田橋,徒歩　4分,東急リバブル（株）　飯田橋センター,2007年（平成19年） 8月,03-6867-1091,
新規,2025-12-08,100137050561,中古マンション,40.00㎡,東京都渋谷区代々木４丁目,売主,"5,080万円",二中,127.0万円,代々木スカイハイツ,3階,1ＬＤＫ,-,"8,800円",419.9万円,小田急線　参宮橋,徒歩　3分,（株）アーバンコンセプト,1974年（昭和49年）10月,09047354812,
新規,2025-12-08,100137064561,中古マンション,19.17㎡,東京都港区麻布十番３丁目,"専任
オーナーチェンジ","2,300万円",商業,120.0万円,ミリオンパレス麻布仙台坂,6階,ワンルーム,公開中,"14,000円",396.7万円,南北線　麻布十番,徒歩　5分,（株）三石,1990年（平成 2年） 2月,045-341-0155,
新規,2025-12-08,100137062433,中古マンション,40.60㎡,東京都新宿区西落合２丁目,売主,"3,180万円",準工,78.4万円,ハイネス哲学堂,2階,1ＬＤＫ,-,"9,700円",259.0万円,大江戸線　落合南長崎,徒歩　8分,ポスト・ライフ（株）,1981年（昭和56年）11月,03-5348-8288,
新規,2025-12-08,100137050030,中古マンション,25.76㎡,東京都港区高輪２丁目,"専任
オーナーチェンジ","3,060万円",近商,118.8万円,パークウェル白金高輪,,1Ｋ,公開中,"12,880円",392.7万円,南北線　白金高輪,徒歩　9分,東京建物不動産販売（株）　リテール営業部,2002年（平成14年） 7月,03-6837-5800,
新規,2025-12-08,100137053098,中古マンション,50.16㎡,東京都港区芝浦４丁目,"一般
オーナーチェンジ","5,680万円",一住,113.3万円,グランドパレス田町,13階,ワンルーム,-,"12,600円",374.4万円,山手線　田町,徒歩　9分,オハナ不動産（株）,1981年（昭和56年） 4月,03-6205-5205,
新規,2025-12-08,100137062801,中古マンション,74.43㎡,東京都新宿区岩戸町,専任,"23,980万円",商業,322.2万円,ブリリアンコート神楽坂,9階,3ＬＤＫ,公開中,"14,800円","1,065.1万円",大江戸線　牛込神楽坂,徒歩　3分,東急リバブル（株）　飯田橋センター,2011年（平成23年） 8月,03-6867-1091,
新規,2025-12-08,100137053693,中古マンション,47.20㎡,東京都港区港南４丁目,一般,"14,980万円",二住,317.4万円,ワールドシティタワーズ　ブリーズタワー,39階,1ＬＤＫ,-,"12,078円","1,049.2万円",東京モノレ　天王洲アイル,徒歩　9分,（株）プリンセススクゥエアー,2006年（平成18年）10月,080-8118-1180,
新規,2025-12-08,100137055806,中古マンション,60.73㎡,東京都文京区白山４丁目,専任,"7,580万円",近商,124.9万円,ライオンズマンション白山,8階,2ＳＬＤＫ,公開中,"11,800円",412.7万円,都営三田線　白山,徒歩　3分,文京住販（株）　千駄木支店,1979年（昭和54年）12月,03-3824-6800,
新規,2025-12-08,100137054328,中古マンション,24.85㎡,東京都文京区音羽２丁目,"専任
オーナーチェンジ","3,000万円",商業,120.8万円,エスコート音羽,4階,1Ｋ,公開中,"9,940円",399.1万円,有楽町線　護国寺,徒歩　2分,ウルクル（株）,2001年（平成13年） 8月,03-6433-5301,
新規,2025-12-08,100137049027,中古マンション,46.29㎡,東京都中央区晴海２丁目,専任,"10,800万円",準工,233.4万円,ザ・パークハウス晴海タワーズ　クロノレジデンス,40階,1ＬＤＫ,公開中,"13,750円",771.3万円,大江戸線　勝どき,徒歩　12分,住友不動産ステップ（株）　日本橋営業センター１課,2013年（平成25年）10月,050-3112-9832,
新規,2025-12-08,100137049549,中古マンション,121.52㎡,東京都千代田区麹町４丁目,売主,"43,800万円",商業,360.5万円,パークハウス麹町プレイス,11階,3ＬＤＫ,-,"42,441円","1,191.6万円",有楽町線　麹町,徒歩　3分,大和ハウスリアルエステート（株）　東京本店,2011年（平成23年） 4月,080-4775-6612,
新規,2025-12-08,100137057977,中古マンション,105.94㎡,東京都千代田区三番町,売主,"69,500万円",一住,656.1万円,三番町パークテラス桜苑,,2ＬＤＫ,-,"36,000円","2,168.7万円",半蔵門線　半蔵門,徒歩　4分,三菱地所レジデンス（株）　リノベーション事業部,2005年（平成17年） 8月,03-6281-8111,
新規,2025-12-08,100137058434,中古マンション,91.70㎡,東京都中央区勝どき４丁目,代理,"42,980万円",二住,468.8万円,パークタワー勝どきミッド,,3ＬＤＫ,-,"32,760円","1,549.5万円",大江戸線　勝どき,徒歩　1分,ＴＨＥ　ＢＲＩＤＧＥ（株）,2023年（令和 5年） 8月,03-6264-0886,
新規,2025-12-08,100137054752,中古マンション,42.01㎡,東京都中央区晴海２丁目,"一般
オーナーチェンジ","7,080万円",準工,168.6万円,ザ・パークハウス晴海タワーズ　クロノレジデンス,11階,1ＬＤＫ,-,"12,480円",557.2万円,大江戸線　勝どき,徒歩　11分,ＪＰライフ（株）,2013年（平成25年）10月,03-5944-6380,
新規,2025-12-08,100137049004,中古マンション,77.08㎡,東京都中央区新川２丁目,専任,"16,800万円",商業,218.0万円,ピアース東京インプレイス,11階,2ＳＬＤＫ,申込あり,"17,650円",720.6万円,京葉線　八丁堀,徒歩　3分,住友不動産ステップ（株）　小石川マンションプラザ,2004年（平成16年） 2月,050-3112-9809,
新規,2025-12-08,100137050845,中古マンション,35.52㎡,東京都中央区日本橋本町４丁目,専属,"7,580万円",商業,213.5万円,レフィール日本橋本町,6階,1ＬＤＫ,公開中,確認中,705.5万円,日比谷線　小伝馬町,徒歩　2分,（株）レンズ,2005年（平成17年）10月,03-6914-5763,
新規,2025-12-08,100137050669,中古マンション,53.21㎡,東京都新宿区中落合３丁目,"売主
オーナーチェンジ","4,400万円",一中,82.7万円,キャッスルマンション目白西,3階,3ＤＫ,-,"14,390円",273.4万円,西武池袋線　椎名町,徒歩　8分,（株）ゼウス・リアル,1994年（平成 6年）12月,03-5720-5555,
新規,2025-12-08,100137049024,中古マンション,82.84㎡,東京都中央区晴海５丁目,専任,"16,000万円",商業,193.2万円,ＨＡＲＵＭＩ　ＦＬＡＧ　ＳＵＮ　ＶＩＬＬＡＧＥ,13階,3ＬＤＫ,公開中,"26,260円",638.5万円,大江戸線　勝どき,徒歩　16分,住友不動産ステップ（株）　東京湾岸マンションプラザ,2023年（令和 5年）11月,050-3112-9844,
新規,2025-12-08,100137052195,中古マンション,30.68㎡,東京都千代田区平河町１丁目,売主,"3,699万円",商業,120.6万円,エクレール平河町,4階,1Ｋ,-,"14,200円",398.6万円,有楽町線　麹町,徒歩　4分,（株）ランドネット　渋谷支店,1978年（昭和53年）12月,03-3409-1308,
新規,2025-12-08,100137057493,中古マンション,66.09㎡,東京都中央区日本橋馬喰町１丁目,専任,"15,500万円",商業,234.6万円,レフィール日本橋馬喰町,6階,2ＬＤＫ,公開中,"19,100円",775.4万円,総武線　馬喰町,徒歩　1分,信義房屋不動産（株）,2018年（平成30年） 3月,0353886899,
新規,2025-12-08,100137057360,中古マンション,56.32㎡,東京都新宿区百人町１丁目,"売主
オーナーチェンジ","4,580万円",商業,81.4万円,大久保ユニオンビル,4階,1ＬＤＫ,-,"15,650円",268.9万円,総武中央線　大久保,徒歩　3分,（株）ランドネット,1979年（昭和54年） 4月,03-3986-3967,
新規,2025-12-08,100137062733,中古マンション,63.95㎡,東京都港区三田１丁目,専任,"38,500万円",二住,602.1万円,アトラス麻布十番,9階,2ＬＤＫ,公開中,"32,520円","1,990.2万円",南北線　麻布十番,徒歩　4分,東急リバブル（株）　グランタクト六本木,2025年（令和 7年） 9月,03-6843-1090,
新規,2025-12-08,100137052986,中古マンション,70.25㎡,東京都渋谷区渋谷１丁目,一般,"14,990万円",二中,213.4万円,渋谷美竹ハイム,6階,1ＬＤＫ,-,"19,120円",705.4万円,半蔵門線　渋谷,徒歩　3分,住商レジデンシャル（株）　首都圏営業センター,1980年（昭和55年） 8月,03-5547-9111,
新規,2025-12-08,100137058048,中古マンション,93.47㎡,東京都新宿区市谷薬王寺町,一般,"14,000万円",一中,149.8万円,アージュ薬王寺,1階,1ＳＬＤＫ,-,"20,400円",495.2万円,大江戸線　牛込柳町,徒歩　5分,野村不動産ソリューションズ（株）　四谷センター,2002年（平成14年） 7月,03-5362-3585,
新規,2025-12-08,100137063035,中古マンション,45.63㎡,東京都中央区勝どき５丁目,専任,"4,580万円",一住,100.4万円,シャンボール第２築地,8階,2ＤＫ,公開中,確認中,331.9万円,大江戸線　勝どき,徒歩　9分,ロイヤルハウジング販売（株）　勝どきザ・タワー店,1973年（昭和48年） 8月,0362211101,
新規,2025-12-08,100137057820,中古マンション,73.10㎡,東京都渋谷区本町３丁目,専任,"19,800万円",商業,270.9万円,パークタワー渋谷本町,18階,2ＬＤＫ,公開中,"23,390円",895.5万円,大江戸線　西新宿五丁目,徒歩　6分,三井不動産リアルティ（株）三井のリハウス代々木上原センター,2013年（平成25年） 9月,03-3460-3131,
新規,2025-12-08,100137054570,中古マンション,54.22㎡,東京都中央区月島３丁目,専任,"11,000万円",商業,202.9万円,ＴＨＥパームス月島ルナガーデン,8階,2ＬＤＫ,公開中,"10,800円",670.7万円,有楽町線　月島,徒歩　5分,（株）ＫＩＺＵＮＡ　ＦＡＣＴＯＲＹ,2012年（平成24年） 8月,070-3875-4638,
新規,2025-12-08,100137060853,中古マンション,60.71㎡,東京都千代田区平河町１丁目,専任,"21,680万円",商業,357.2万円,パークハウス平河町,4階,2ＬＤＫ,公開中,"23,330円","1,180.6万円",有楽町線　麹町,徒歩　4分,（株）ライトミライ,2007年（平成19年）10月,070-8388-5998,
新規,2025-12-08,100137056361,中古マンション,16.07㎡,東京都千代田区神田佐久間町１丁目,"売主
オーナーチェンジ","2,730万円",商業,169.9万円,アルテール秋葉原,8階,ワンルーム,-,"4,600円",561.6万円,山手線　秋葉原,徒歩　1分,番町開発（株）,1981年（昭和56年） 3月,03-5312-5535,
新規,2025-12-08,100137062692,中古マンション,19.64㎡,東京都渋谷区笹塚２丁目,"一般
オーナーチェンジ","2,100万円",商業,107.0万円,ヴェルト笹塚ツインⅡ,1階,1Ｋ,-,"7,400円",353.5万円,京王線　笹塚,徒歩　3分,東急リバブル（株）　代々木上原センター,2005年（平成17年）11月,03-5738-6521,
更新,2025-12-08,100136570866,中古マンション,45.18㎡,東京都港区六本木１丁目,一般,"24,800万円",二中,549.0万円,パークコート六本木ヒルトップ,11階,1ＬＤＫ,-,"16,670円","1,814.6万円",南北線　六本木一丁目,徒歩　2分,（株）Ｃｅｎｔｒａｌ　Ｅｓｔａｔｅ,2012年（平成24年） 8月,03-6824-6775,"価格: 29,500万円 → 24,800万円"
更新,2025-12-08,100135356379,中古マンション,112.65㎡,東京都渋谷区代々木３丁目,一般,"23,812万円",二住,211.4万円,東高代々木ペアシティ,7階,3ＬＤＫ,-,"33,480円",698.8万円,小田急線　参宮橋,徒歩　6分,東急リバブル（株）　新宿センター,1977年（昭和52年）11月,03-6876-0109,"価格: 24,912万円 → 23,812万円"
更新,2025-12-08,100134035284,中古マンション,89.53㎡,東京都港区高輪４丁目,専任,"35,480万円",一中,396.3万円,ブリリア高輪レフィール,5階,3ＬＤＫ,公開中,"50,500円","1,310.1万円",山手線　品川,徒歩　10分,野村不動産ソリューションズ（株）　赤坂センター,2020年（令和 2年） 2月,03-3568-1005,"価格: 35,800万円 → 35,480万円"
更新,2025-12-08,100136306000,中古マンション,76.31㎡,東京都新宿区百人町３丁目,売主,"9,980万円",一中,130.8万円,西戸山タワーホウムズセントラルタワー,19階,2ＬＤＫ,-,"16,035円",432.4万円,山手線　新大久保,徒歩　6分,東急リバブル（株）　新宿センター,1988年（昭和63年） 1月,03-6876-0109,"価格: 10,690万円 → 9,980万円"
更新,2025-12-08,100135346240,中古マンション,112.65㎡,東京都渋谷区代々木３丁目,一般,"23,812万円",二住,211.4万円,東高代々木ペアシティ,7階,3ＬＤＫ,-,"33,480円",698.8万円,小田急線　参宮橋,徒歩　6分,三井不動産リアルティ（株）三井のリハウス新宿センター,1977年（昭和52年）11月,03-5339-2131,"価格: 24,912万円 → 23,812万円"
更新,2025-12-08,100136459283,中古マンション,75.80㎡,東京都中央区勝どき５丁目,専任,"14,980万円",商業,197.7万円,ＨＡＲＵＭＩ　ＦＬＡＧ　ＳＵＮＶＩＬＬＡＧＥ　Ｂ棟,9階,3ＬＤＫ,公開中,"22,520円",653.4万円,大江戸線　勝どき,徒歩　18分,ララハウス（株）　青山支店,2023年（令和 5年）11月,03-6277-8039,"価格: 15,700万円 → 14,980万円"
更新,2025-12-08,100134463482,中古マンション,20.25㎡,東京都新宿区矢来町,"専任
オーナーチェンジ","2,870万円",商業,141.8万円,ルーブル神楽坂弐番館,3階,1Ｋ,申込あり,"8,000円",468.6万円,東西線　神楽坂,徒歩　2分,三井住友トラスト不動産（株）　吉祥寺センター,2004年（平成16年） 7月,0422-20-2101,取引状況: 公開中 → 申込あり
更新,2025-12-08,100135835598,中古マンション,74.06㎡,東京都渋谷区恵比寿１丁目,一般,"29,800万円",近商,402.4万円,グランドヒルズ恵比寿,12階,2ＬＤＫ,-,"32,586円","1,330.2万円",山手線　恵比寿,徒歩　7分,（株）ＨＡＲＵＭＩ　ＨＯＭＥＳ,2019年（平成31年） 3月,080-3528-2666,"価格: 32,800万円 → 29,800万円"
更新,2025-12-08,100131777629,中古マンション,56.63㎡,東京都千代田区飯田橋２丁目,専属,"11,980万円",商業,211.6万円,アイディーコート飯田橋,4階,2ＬＤＫ,申込あり,"20,840円",699.4万円,総武中央線　飯田橋,徒歩　6分,三井不動産リアルティ（株）三井のリハウス飯田橋センター,2012年（平成24年） 1月,03-5229-1931,取引状況: 公開中 → 申込あり
更新,2025-12-08,100136019164,中古マンション,61.32㎡,東京都中央区晴海５丁目,一般,"12,100万円",商業,197.4万円,ＨＡＲＵＭＩ　ＦＬＡＧ　ＳＵＮ　ＶＩＬＬＡＧＥ　Ｔ棟,5階,2ＬＤＫ,-,"23,670円",652.4万円,大江戸線　勝どき,徒歩　14分,三井不動産リアルティ（株）三井のリハウスららテラスＨＡＲＵＭＩＦＬＡＧセンター,2025年（令和 7年） 8月,03-3536-6731,"価格: 12,500万円 → 12,100万円"
更新,2025-12-08,100137049068,中古マンション,61.02㎡,東京都新宿区百人町２丁目,専任,"5,980万円",一住,98.1万円,大久保ハウス,5階,3ＤＫ,申込あり,"11,170円",324.0万円,総武中央線　大久保,徒歩　4分,住友不動産ステップ（株）　本社営業センター２課,1971年（昭和46年） 3月,050-3112-9915,取引状況: 公開中 → 申込あり
更新,2025-12-08,100136888262,中古マンション,56.74㎡,東京都中央区湊２丁目,専属,"21,980万円",商業,387.4万円,パークシティ中央湊ザ・タワー,31階,2ＬＤＫ,申込あり,"19,800円","1,280.6万円",京葉線　八丁堀,徒歩　6分,住友不動産ステップ（株）　日本橋マンションプラザ,2017年（平成29年）11月,050-3112-9831,取引状況: 公開中 → 申込あり
更新,2025-12-08,100135759197,中古マンション,36.28㎡,東京都中央区銀座１丁目,"専属
オーナーチェンジ","11,500万円",商業,317.0万円,ＶＯＲＴ銀座ｒｅｓｉｄｅｎｃｅ,7階,ワンルーム,公開中,"10,667円","1,047.9万円",有楽町線　銀座一丁目,徒歩　3分,（株）ケーアイホーム　川島支店,2006年（平成18年） 3月,049-256-9934,"価格: 11,000万円 → 11,500万円"
更新,2025-12-08,100135231654,中古マンション,49.43㎡,東京都渋谷区広尾１丁目,一般,"8,750万円",商業,177.1万円,朝日広尾マンション,6階,1ＬＤＫ,-,"10,890円",585.2万円,山手線　恵比寿,徒歩　8分,（株）クオーレ,1987年（昭和62年） 1月,050-3184-1617,"価格: 8,980万円 → 8,750万円"
更新,2025-12-08,100136730733,中古マンション,35.85㎡,東京都新宿区北新宿１丁目,専属,"3,499万円",二住,97.7万円,柏木ハイツ,8階,1ＬＤＫ,公開中,"8,800円",322.7万円,山手線　新大久保,徒歩　8分,（株）５３０３,1972年（昭和47年）10月,090-9810-4403,"価格: 3,600万円 → 3,499万円"
更新,2025-12-08,100136673223,中古マンション,78.44㎡,東京都中央区晴海２丁目,専属,"17,980万円",準工,229.3万円,ザ・パークハウス晴海タワーズクロノレジデンス　お気軽にご案内ください,37階,3ＬＤＫ,公開中,"23,300円",757.8万円,大江戸線　勝どき,徒歩　11分,（株）グランクリエイト,2013年（平成25年）10月,03-6381-7604,"価格: 18,480万円 → 17,980万円"
更新,2025-12-08,100136628940,中古マンション,36.72㎡,東京都渋谷区道玄坂１丁目,"代理
オーナーチェンジ","5,180万円",商業,141.1万円,ヴェラハイツ道玄坂,6階,1ＬＤＫ,-,"10,870円",466.4万円,山手線　渋谷,徒歩　8分,（株）フューチャーリーディング,1983年（昭和58年） 6月,03-6806-7972,"価格: 5,380万円 → 5,180万円"
更新,2025-12-08,100136972575,中古マンション,100.94㎡,東京都中央区佃２丁目,専任,"23,600万円",二住,233.9万円,ライオンズタワー月島,19階,3ＬＤＫ,申込あり,"27,960円",772.9万円,有楽町線　月島,徒歩　1分,住友不動産ステップ（株）　東京湾岸マンションプラザ,2005年（平成17年）10月,050-3112-9844,取引状況: 公開中 → 申込あり
更新,2025-12-08,100136462830,中古マンション,89.62㎡,東京都港区赤坂８丁目,専任,"33,800万円",商業,377.2万円,アクシア青山,18階,2ＬＤＫ,申込あり,"40,320円","1,246.8万円",銀座線　青山一丁目,徒歩　2分,野村不動産ソリューションズ（株）　浦和営業部,2002年（平成14年） 5月,048-833-3191,取引状況: 公開中 → 申込あり
更新,2025-12-08,100135360516,中古マンション,45.26㎡,東京都渋谷区桜丘町,専任,"12,980万円",商業,286.8万円,ピアース渋谷,3階,1ＳＬＤＫ,申込あり,"15,400円",948.1万円,山手線　渋谷,徒歩　6分,三井不動産リアルティ（株）三井のリハウス渋谷センター,2022年（令和 4年）11月,03-6332-7810,取引状況: 公開中 → 申込あり
更新,2025-12-08,100136764151,中古マンション,72.27㎡,東京都中央区晴海５丁目,専任,"17,600万円",商業,243.6万円,ＨＡＲＵＭＩ　ＦＬＡＧ　ＰＡＲＫ　ＶＩＬＬＡＧＥ　Ｔ棟,39階,3ＬＤＫ,申込あり,"28,400円",805.1万円,大江戸線　勝どき,徒歩　18分,東急リバブル（株）　あざみ野センター,2025年（令和 7年）10月,045-901-0411,取引状況: 公開中 → 申込あり
更新,2025-12-08,100136373228,新築マンション,55.03㎡,東京都新宿区高田馬場４丁目,一般,"13,480万円",商業,245.0万円,パークシティ高田馬場　手あり,7階,2ＬＤＫ,-,"17,500円",809.8万円,山手線　高田馬場,徒歩　7分,（株）ハレクラ,2025年（令和 7年） 5月,03-6820-3919,"価格: 13,980万円 → 13,480万円"
更新,2025-12-08,100135894195,中古マンション,78.36㎡,東京都新宿区富久町,専任,"29,400万円",商業,375.2万円,富久クロスコンフォートタワー,54階,3ＬＤＫ,公開中,"29,450円","1,240.4万円",丸ノ内線　新宿御苑前,徒歩　7分,野村不動産ソリューションズ（株）　レアリア東京,2015年（平成27年） 4月,03-5114-5973,"価格: 29,900万円 → 29,400万円"
更新,2025-12-08,100136700984,中古マンション,94.88㎡,東京都千代田区富士見２丁目,専任,"46,800万円",商業,493.3万円,プラウドタワー千代田富士見,37階,2ＬＤＫ,申込あり,"36,800円","1,630.6万円",総武中央線　飯田橋,徒歩　2分,住友不動産ステップ（株）　本社マンションプラザ,2009年（平成21年） 2月,050-3112-9913,取引状況: 公開中 → 申込あり
更新,2025-12-08,100131185075,中古マンション,16.57㎡,東京都渋谷区幡ヶ谷２丁目,"専任
オーナーチェンジ","1,350万円",商業,81.5万円,メインステージ幡ヶ谷駅前,,1Ｋ,申込あり,"6,630円",269.4万円,京王線　幡ヶ谷,徒歩　3分,住友不動産ステップ（株）　自由が丘営業センター１課,1991年（平成 3年） 9月,050-3112-9834,取引状況: 公開中 → 申込あり
更新,2025-12-08,100135211787,中古マンション,45.18㎡,東京都港区六本木１丁目,一般,"24,800万円",二中,549.0万円,パークコート六本木ヒルトップ,11階,1ＬＤＫ,-,"16,670円","1,814.6万円",南北線　六本木一丁目,徒歩　2分,三井不動産リアルティ（株）三井のリアルプラン銀座サロン,2012年（平成24年） 8月,03-3575-1133,"価格: 29,500万円 → 24,800万円"
更新,2025-12-08,100136006542,中古マンション,67.12㎡,東京都港区芝４丁目,専任,"19,800万円",商業,295.0万円,カテリーナ三田タワースイート　ウエストアーク,8階,2ＬＤＫ,公開中,"25,300円",975.2万円,都営浅草線　三田,徒歩　3分,三井不動産リアルティ（株）三井のリハウス芝浦センター,2006年（平成18年） 8月,03-5419-9931,"価格: 20,980万円 → 19,800万円"
更新,2025-12-08,100136580640,中古マンション,43.20㎡,東京都文京区小石川２丁目,専任,"3,480万円",準工,80.6万円,小石川コーポビアネーズ,1階,2ＤＫ,申込あり,"11,610円",266.3万円,都営三田線　春日,徒歩　5分,住友不動産ステップ（株）　小石川営業センター,1979年（昭和54年） 5月,050-3112-9812,取引状況: 公開中 → 申込あり
更新,2025-12-08,100136704327,中古マンション,74.83㎡,東京都渋谷区代々木５丁目,一般,"17,800万円",二低,237.9万円,オープンレジデンシア代々木ザ・ハウス,2階,3ＬＤＫ,-,"18,000円",786.4万円,小田急線　参宮橋,徒歩　5分,ＳＲＥホールディングス（株）　青山オフィス,2016年（平成28年） 8月,03-6274-6556,"価格: 18,800万円 → 17,800万円"
更新,2025-12-08,100136950874,中古マンション,21.60㎡,東京都文京区白山２丁目,"専任
オーナーチェンジ","2,880万円",商業,133.4万円,サンテミリオン白山,4階,1Ｋ,申込あり,"7,800円",440.8万円,都営三田線　白山,徒歩　4分,住友不動産ステップ（株）　小石川営業センター,2005年（平成17年） 3月,050-3112-9812,取引状況: 公開中 → 申込あり
更新,2025-12-08,100136092144,中古マンション,66.24㎡,東京都中央区晴海３丁目,専任,"12,800万円",一住,193.3万円,ベイサイドタワー晴海,2階,3ＬＤＫ,申込あり,"26,845円",638.8万円,大江戸線　勝どき,徒歩　7分,三井不動産リアルティ（株）三井のリハウス勝どきミッドセンター,2015年（平成27年）10月,03-5548-5331,取引状況: 公開中 → 申込あり
更新,2025-12-08,100137039505,中古マンション,28.06㎡,東京都渋谷区恵比寿１丁目,"専属
オーナーチェンジ","3,800万円",近商,135.5万円,藤和シティホームズ恵比寿,4階,1ＤＫ,申込あり,"7,700円",447.7万円,山手線　恵比寿,徒歩　7分,野村不動産ソリューションズ（株）　柏センター,2002年（平成14年） 2月,04-7163-4471,取引状況: 公開中 → 申込あり
更新,2025-12-08,100136687494,中古マンション,128.01㎡,東京都千代田区西神田３丁目,専任,"59,800万円",商業,467.2万円,ラトゥール千代田,31階,3ＬＤＫ,公開中,"72,400円","1,544.3万円",東西線　九段下,徒歩　5分,住友不動産ステップ（株）　日本橋マンションプラザ,2004年（平成16年） 1月,050-3112-9831,"価格: 72,800万円 → 59,800万円 | 取引状況: 申込あり → 公開中"
更新,2025-12-08,100136822760,中古マンション,12.99㎡,東京都新宿区百人町３丁目,専任,980万円,一中,75.5万円,西戸山タワーホウムズサウスタワーアネックス,1階,ワンルーム,申込あり,"2,732円",249.4万円,山手線　新大久保,徒歩　7分,野村不動産ソリューションズ（株）　本店営業部,1988年（昭和63年） 1月,03-3345-0386,取引状況: 公開中 → 申込あり
更新,2025-12-08,100136566174,中古マンション,50.07㎡,東京都中央区新富２丁目,"専任
オーナーチェンジ","11,480万円",商業,229.3万円,ライオンズ東銀座レジデンス,13階,2ＬＤＫ,公開中,"16,020円",758.0万円,有楽町線　新富町,徒歩　1分,東急リバブル（株）　投資マンション推進課,2012年（平成24年） 2月,03-3463-6147,"価格: 12,500万円 → 11,480万円"
更新,2025-12-08,100136253043,中古マンション,72.38㎡,東京都新宿区下落合２丁目,売主,"17,290万円",一低,238.9万円,バウス目白御留山,3階,3ＬＤＫ,-,"22,300円",789.7万円,山手線　高田馬場,徒歩　9分,オークラヤ住宅（株）　新宿支社　営業第一部,2020年（令和 2年） 7月,03-6368-4960,"価格: 17,590万円 → 17,290万円"
更新,2025-12-08,100136431738,中古マンション,26.09㎡,東京都文京区千駄木２丁目,"専任
オーナーチェンジ","2,480万円",商業,95.1万円,グランドメゾン千駄木,5階,ワンルーム,申込あり,"8,047円",314.3万円,千代田線　千駄木,徒歩　5分,住友不動産ステップ（株）　小石川マンションプラザ,1990年（平成 2年） 5月,050-3112-9809,取引状況: 公開中 → 申込あり
更新,2025-12-08,100136980177,中古マンション,40.00㎡,東京都新宿区北新宿１丁目,一般,"3,499万円",一中,87.5万円,柏木ハイツ,8階,1ＬＤＫ,-,"8,800円",289.2万円,総武中央線　大久保,徒歩　7分,三井不動産リアルティ（株）三井のリハウス新宿センター,1972年（昭和47年）10月,03-5339-2131,"価格: 3,600万円 → 3,499万円"
更新,2025-12-08,100136052595,中古マンション,75.97㎡,東京都文京区小石川３丁目,専任,"13,490万円",準工,177.6万円,小石川ザ・レジデンス,2階,3ＬＤＫ,申込あり,"14,810円",587.1万円,都営三田線　春日,徒歩　10分,住友不動産ステップ（株）　小石川マンションプラザ,2005年（平成17年） 2月,050-3112-9809,取引状況: 公開中 → 申込あり
更新,2025-12-08,100136868648,中古マンション,95.48㎡,東京都港区三田４丁目,専任,"24,000万円",一中,251.4万円,ファミールグラン三田伊皿子坂,3階,4ＬＤＫ,申込あり,"16,710円",831.0万円,都営浅草線　泉岳寺,徒歩　4分,東急リバブル（株）　グランタクト六本木,1998年（平成10年） 3月,03-6843-1090,取引状況: 公開中 → 申込あり
更新,2025-12-08,100136770619,中古マンション,18.02㎡,東京都文京区大塚５丁目,"専属
オーナーチェンジ","1,880万円",商業,104.4万円,日神パレステージ護国寺,5階,ワンルーム,公開中,"8,000円",344.9万円,有楽町線　護国寺,徒歩　5分,（株）モアインターナショナル,1995年（平成 7年） 7月,03-6300-5690,"価格: 1,950万円 → 1,880万円"
更新,2025-12-08,100136879258,中古マンション,35.66㎡,東京都文京区音羽１丁目,"専任
オーナーチェンジ","5,980万円",商業,167.7万円,パークスクエア文京音羽,5階,1ＬＤＫ,申込あり,"16,890円",554.4万円,有楽町線　江戸川橋,徒歩　6分,住友不動産ステップ（株）　本社投資第２営業センター,2004年（平成16年） 1月,050-3199-2992,取引状況: 公開中 → 申込あり
更新,2025-12-08,100136920062,中古マンション,27.79㎡,東京都文京区関口１丁目,"専属
オーナーチェンジ","2,080万円",商業,74.9万円,シンシア早稲田,2階,1Ｋ,申込あり,"9,700円",247.5万円,東西線　早稲田,徒歩　8分,住友不動産ステップ（株）　日本橋営業センター１課,2000年（平成12年） 4月,050-3112-9832,取引状況: 公開中 → 申込あり
更新,2025-12-08,100134628507,中古マンション,80.15㎡,東京都中央区晴海５丁目,一般,"15,990万円",商業,199.6万円,ＨＡＲＵＭＩ　ＦＬＡＧ　ＳＵＮ　ＶＩＬＬＡＧＥ　Ｃ棟,12階,3ＬＤＫ,-,"24,850円",659.6万円,大江戸線　勝どき,徒歩　17分,東急リバブル（株）　渋谷センター,2023年（令和 5年）11月,03-3463-3911,"価格: 16,500万円 → 15,990万円"
更新,2025-12-08,100136016926,中古マンション,21.00㎡,東京都港区南麻布２丁目,"一般
オーナーチェンジ","2,530万円",一住,120.5万円,メインステージ南麻布,2階,1Ｋ,-,"13,600円",398.3万円,都営三田線　白金高輪,徒歩　8分,（株）フューチャーリーディング,2001年（平成13年） 7月,08041747732,"価格: 2,730万円 → 2,530万円"
更新,2025-12-08,100136585002,中古マンション,40.03㎡,東京都中央区日本橋蛎殻町１丁目,専属,"7,480万円",商業,186.9万円,アスコットパーク日本橋水天宮,10階,1ＬＤＫ,公開中,"10,200円",617.8万円,半蔵門線　水天宮前,徒歩　2分,（株）アセットビルダー,2005年（平成17年） 1月,07013975089,取引状況: 申込あり → 公開中
更新,2025-12-08,100136773750,中古マンション,71.12㎡,東京都港区赤坂４丁目,専任,"30,380万円",二住,427.2万円,プレミスト赤坂翠嶺,7階,2ＳＬＤＫ,公開中,"48,500円","1,412.2万円",千代田線　赤坂,徒歩　6分,野村不動産ソリューションズ（株）　赤坂センター,2019年（平成31年） 3月,03-3568-1005,"価格: 31,200万円 → 30,380万円"
更新,2025-12-08,100136140633,中古マンション,72.38㎡,東京都中央区勝どき５丁目,専属,"17,980万円",一住,248.5万円,現況空室　勝どきザ・タワー,33階,2ＬＤＫ,公開中,"17,300円",821.2万円,大江戸線　勝どき,徒歩　7分,（株）グランクリエイト,2016年（平成28年）11月,03-6381-7604,"価格: 18,000万円 → 17,980万円"
更新,2025-12-08,100129233860,中古マンション,55.89㎡,東京都港区白金１丁目,一般,"32,900万円",準工,588.7万円,白金ザ・スカイ　東棟,,1ＬＤＫ,-,"21,596円","1,946.0万円",南北線　白金高輪,徒歩　3分,東京建物不動産販売（株）　白金高輪支店,2023年（令和 5年） 2月,03-5422-8380,"取引態様: 一般
オーナーチェンジ → 一般"
更新,2025-12-08,100136791618,中古マンション,63.69㎡,東京都中央区晴海２丁目,専任,"11,980万円",準住,188.1万円,ザ・パークハウス　晴海タワーズ　クロノレジデンス,4階,2ＬＤＫ,公開中,"18,920円",621.9万円,大江戸線　勝どき,徒歩　12分,東急リバブル（株）　月島センター,2013年（平成25年）10月,03-6864-4109,"価格: 12,800万円 → 11,980万円"
更新,2025-12-08,100136866788,中古マンション,37.84㎡,東京都渋谷区上原２丁目,専属,"6,980万円",近商,184.5万円,ハイローズ代々木上原,4階,1ＬＤＫ,公開中,"18,460円",609.8万円,千代田線　代々木上原,徒歩　4分,住友不動産ステップ（株）　本社投資第２営業センター,1997年（平成 9年） 4月,050-3199-2992,取引状況: 申込あり → 公開中
更新,2025-12-08,100136843938,中古マンション,75.23㎡,東京都中央区月島１丁目,専任,"27,980万円",商業,372.0万円,ＭＩＤ　ＴＯＷＥＲ　ＧＲＡＮＤ,25階,2ＬＤＫ,公開中,"25,060円","1,229.6万円",有楽町線　月島,徒歩　2分,東京建物不動産販売（株）　東京湾岸支店,2020年（令和 2年）10月,03-3527-7855,"価格: 29,400万円 → 27,980万円"
更新,2025-12-08,100136031388,中古マンション,65.07㎡,東京都中央区湊３丁目,専任,"14,980万円",商業,230.3万円,パンセ　フレスコ,11階,3ＬＤＫ,申込あり,"14,290円",761.1万円,有楽町線　新富町,徒歩　4分,東急リバブル（株）　銀座センター,2005年（平成17年） 6月,03-3547-3691,取引状況: 公開中 → 申込あり
更新,2025-12-08,100132741793,中古マンション,82.22㎡,東京都新宿区西新宿６丁目,専任,"16,480万円",商業,200.5万円,コンシェリア西新宿タワーズウエスト,33階,2ＬＤＫ,公開中,"29,700円",662.7万円,大江戸線　西新宿五丁目,徒歩　6分,住友不動産ステップ（株）　本社マンションプラザ,2008年（平成20年） 1月,050-3112-9913,"価格: 16,850万円 → 16,480万円"
更新,2025-12-08,100135411481,中古マンション,41.05㎡,東京都新宿区弁天町,"売主
オーナーチェンジ","3,780万円",一中,92.1万円,朝日弁天町マンション,,2ＤＫ,-,"10,260円",304.5万円,東西線　早稲田,徒歩　8分,Ｒｏｏｍ’ｓ　Ｂａｒ（同）,1982年（昭和57年） 1月,03-5465-0040,"価格: 3,880万円 → 3,780万円"
更新,2025-12-08,100136496614,中古マンション,56.19㎡,東京都渋谷区幡ヶ谷１丁目,専属,"5,480万円",商業,97.6万円,幡ヶ谷ゴールデンマンション,,2ＬＤＫ,申込あり,"19,240円",322.5万円,京王線　幡ヶ谷,徒歩　1分,スターツピタットハウス（株）　渋谷販売センター,1972年（昭和47年） 9月,0357286551,取引状況: 公開中 → 申込あり
更新,2025-12-08,100136880221,中古マンション,54.60㎡,東京都新宿区西新宿５丁目,売主,"20,690万円",二住,379.0万円,シティタワー新宿,33階,2ＬＤＫ,-,"25,525円","1,252.7万円",丸ノ内線　西新宿,徒歩　8分,オークラヤ住宅（株）　新宿支社　営業第一部,2023年（令和 5年） 2月,03-6368-4960,"価格: 20,990万円 → 20,690万円"
更新,2025-12-08,100135199313,中古マンション,24.05㎡,東京都新宿区西新宿４丁目,"専属
オーナーチェンジ","1,898万円",二中,79.0万円,西新宿コーポビアネーズ,3階,1Ｋ,公開中,"10,000円",260.9万円,大江戸線　西新宿五丁目,徒歩　3分,（株）ワイキャピタルエージェンシー,1976年（昭和51年） 4月,09015584593,"価格: 1,990万円 → 1,898万円"
更新,2025-12-08,100136920057,中古マンション,56.09㎡,東京都港区港南４丁目,専任,"11,500万円",二住,205.1万円,ワールドシティタワーズ,20階,1ＬＤＫ,申込あり,"17,180円",677.8万円,山手線　品川,徒歩　15分,住友不動産ステップ（株）　東京湾岸マンションプラザ,2005年（平成17年）10月,050-3112-9844,取引状況: 公開中 → 申込あり
更新,2025-12-08,100135305430,中古マンション,60.45㎡,東京都中央区晴海５丁目,専任,"9,380万円",商業,155.2万円,晴海テラス,3階,1ＳＬＤＫ,公開中,"14,300円",513.0万円,大江戸線　勝どき,徒歩　10分,住友不動産ステップ（株）　東京湾岸マンションプラザ,2009年（平成21年） 3月,050-3112-9844,"価格: 9,480万円 → 9,380万円"
更新,2025-12-08,100136011751,中古マンション,43.34㎡,東京都港区高輪４丁目,一般,"8,780万円",二住,202.6万円,グランスイート高輪,2階,1ＬＤＫ,-,"16,200円",669.7万円,山手線　品川,徒歩　7分,東急リバブル（株）　品川センター,2009年（平成21年）10月,03-6455-1301,"価格: 9,080万円 → 8,780万円"
更新,2025-12-08,100135205294,中古マンション,74.06㎡,東京都渋谷区恵比寿１丁目,一般,"29,800万円",近商,402.4万円,グランドヒルズ恵比寿,12階,2ＬＤＫ,-,"32,500円","1,330.2万円",山手線　恵比寿,徒歩　7分,フクザワ（株）,2019年（平成31年） 3月,03-6910-1816,"価格: 32,800万円 → 29,800万円"
更新,2025-12-08,100136972576,中古マンション,70.70㎡,東京都中央区晴海３丁目,専属,"15,980万円",準工,226.1万円,ドゥトゥール（ＤＥＵＸ　ＴＯＵＲＳ）,10階,2ＬＤＫ,公開中,"22,018円",747.2万円,大江戸線　勝どき,徒歩　5分,住友不動産ステップ（株）　東京湾岸マンションプラザ,2015年（平成27年） 9月,050-3112-9844,"価格: 17,980万円 → 15,980万円"
更新,2025-12-08,100136786868,中古マンション,75.24㎡,東京都文京区音羽２丁目,専任,"10,980万円",商業,146.0万円,アベニュー音羽,7階,3ＬＤＫ,公開中,"18,000円",482.5万円,有楽町線　護国寺,徒歩　1分,三井不動産リアルティ（株）三井のリハウス小石川センター,1987年（昭和62年） 9月,03-3818-4131,"価格: 11,800万円 → 10,980万円"
更新,2025-12-08,100136630789,中古マンション,93.93㎡,東京都港区元麻布２丁目,専属,"39,800万円",一中,423.8万円,有栖川パークハウス,2階,2ＬＤＫ,申込あり,"48,152円","1,400.8万円",日比谷線　広尾,徒歩　8分,三井不動産リアルティ（株）三井のリアルプラン麻布サロン,2008年（平成20年） 1月,03-5789-3131,取引状況: 公開中 → 申込あり
更新,2025-12-08,100136773444,中古マンション,99.65㎡,東京都港区芝浦４丁目,専任,"28,900万円",二住,290.1万円,芝浦アイランドグローヴタワー,40階,3ＬＤＫ,申込あり,"27,200円",958.8万円,山手線　田町,徒歩　8分,三井不動産リアルティ（株）三井のリハウス芝浦センター,2006年（平成18年）11月,03-5419-9931,取引状況: 公開中 → 申込あり
更新,2025-12-08,100136327457,中古マンション,84.92㎡,東京都港区芝浦４丁目,専任,"26,800万円",二住,315.6万円,芝浦アイランドグローヴタワー,41階,2ＬＤＫ,公開中,"23,180円","1,043.3万円",山手線　田町,徒歩　8分,三井不動産リアルティ（株）三井のリハウス芝浦センター,2006年（平成18年）11月,03-5419-9931,"価格: 27,500万円 → 26,800万円"
更新,2025-12-08,100134134407,中古マンション,80.64㎡,東京都文京区千石３丁目,専任,"9,980万円",二住,123.8万円,パーク・ハイム千石,2階,3ＬＤＫ,公開中,"39,800円",409.2万円,都営三田線　千石,徒歩　9分,三井不動産リアルティ（株）三井のリハウス駒込センター,1988年（昭和63年） 7月,03-3947-3131,"価格: 10,380万円 → 9,980万円"
更新,2025-12-08,100136946128,中古マンション,55.63㎡,東京都渋谷区西原１丁目,専任,"11,800万円",一住,212.2万円,パークリュクス渋谷西原,6階,2ＬＤＫ,申込あり,"23,530円",701.3万円,京王線　幡ヶ谷,徒歩　1分,三井不動産リアルティ（株）三井のリハウス代々木上原センター,2017年（平成29年） 3月,03-3460-3131,取引状況: 公開中 → 申込あり
更新,2025-12-08,100136963011,中古マンション,35.07㎡,東京都中央区日本橋中洲,"専属
オーナーチェンジ","2,480万円",商業,70.8万円,メゾン・ド・ヴィレ日本橋中洲,4階,1Ｋ,申込あり,"10,300円",233.8万円,半蔵門線　水天宮前,徒歩　5分,住友不動産ステップ（株）　本社投資第２営業センター,2002年（平成14年） 2月,050-3199-2992,取引状況: 公開中 → 申込あり
更新,2025-12-08,100136627802,中古マンション,109.39㎡,東京都港区東新橋１丁目,一般,"49,800万円",商業,455.3万円,東京ツインパークス　レフトウイング,29階,2ＬＤＫ,-,"40,500円","1,505.0万円",大江戸線　汐留,徒歩　3分,東急リバブル（株）　銀座センター,2002年（平成14年） 9月,03-3547-3691,"価格: 56,000万円 → 49,800万円"
更新,2025-12-08,100136489031,中古マンション,55.03㎡,東京都新宿区高田馬場４丁目,一般,"13,490万円",商業,245.2万円,パークシティ高田馬場,7階,2ＬＤＫ,-,"20,250円",810.4万円,山手線　高田馬場,徒歩　7分,日清城北（株）,2025年（令和 7年） 6月,090-1207-8851,"価格: 13,980万円 → 13,490万円"
更新,2025-12-08,100136070837,新築マンション,71.51㎡,東京都中央区晴海５丁目,専任,"15,890万円",商業,222.3万円,ＨＡＲＵＭＩ　ＦＬＡＧ　ＳＵＮ　ＶＩＬＬＡＧＥ　Ｔ棟,22階,3ＬＤＫ,公開中,"27,600円",734.6万円,大江戸線　勝どき,徒歩　14分,（株）アイエフシー・コーポレーション,2025年（令和 7年） 9月,090-6658-3003,"価格: 16,780万円 → 15,890万円"
更新,2025-12-08,100136138471,中古マンション,57.91㎡,東京都中央区日本橋大伝馬町,専属,"11,500万円",商業,198.6万円,エフローレ日本橋,8階,1ＳＬＤＫ,公開中,"10,950円",656.5万円,日比谷線　小伝馬町,徒歩　3分,住友不動産ステップ（株）　日本橋マンションプラザ,2002年（平成14年） 9月,050-3112-9831,"価格: 11,000万円 → 11,500万円"
更新,2025-12-08,100136749491,中古マンション,32.21㎡,東京都新宿区北山伏町,"専任
オーナーチェンジ","4,380万円",一住,136.0万円,フィース神楽坂,B1階,ワンルーム,公開中,"7,700円",449.6万円,大江戸線　牛込神楽坂,徒歩　4分,東急リバブル（株）　投資マンション推進課,2010年（平成22年） 1月,03-3463-6147,"価格: 4,680万円 → 4,380万円"
更新,2025-12-08,100135970303,中古マンション,67.86㎡,東京都中央区新川１丁目,専任,"12,500万円",商業,184.3万円,シティハイツ東京日本橋,12階,3ＬＤＫ,申込あり,"14,100円",609.0万円,東西線　茅場町,徒歩　7分,（株）大京穴吹不動産　日本橋レジデンスサロン,1997年（平成 9年） 3月,03-6757-6451,取引状況: 公開中 → 申込あり
更新,2025-12-08,100136783204,中古マンション,74.83㎡,東京都渋谷区代々木５丁目,一般,"17,800万円",二低,237.9万円,オープンレジデンシア代々木ザ・ハウス,2階,3ＬＤＫ,-,"18,000円",786.4万円,小田急線　参宮橋,徒歩　5分,（株）メイツホーム,2016年（平成28年） 8月,08038480159,"価格: 18,800万円 → 17,800万円"
更新,2025-12-08,100136343595,中古マンション,50.20㎡,東京都中央区晴海３丁目,一般,"11,980万円",一住,238.7万円,ベイサイドタワー晴海,15階,2ＬＤＫ,-,"23,365円",789.0万円,大江戸線　勝どき,徒歩　7分,誠和（株）,2015年（平成27年） 9月,03-3868-0566,"価格: 13,400万円 → 11,980万円"
更新,2025-12-08,100136858916,中古マンション,47.99㎡,東京都港区南麻布２丁目,専任,"5,990万円",準工,124.9万円,チサンマンション南麻布,6階,2ＤＫ,公開中,"21,840円",412.7万円,南北線　白金高輪,徒歩　9分,（株）ウィル　恵比寿営業所,1978年（昭和53年）11月,03-5458-8070,"価格: 6,480万円 → 5,990万円"
更新,2025-12-08,100136671604,中古マンション,74.83㎡,東京都渋谷区代々木５丁目,一般,"17,800万円",二低,237.9万円,オープンレジデンシア代々木ザ・ハウス,2階,3ＬＤＫ,-,"18,000円",786.4万円,小田急線　参宮橋,徒歩　4分,（株）ケン・コーポレーション　渋谷代官山支店,2016年（平成28年） 8月,03-5720-8160,"価格: 18,800万円 → 17,800万円"
更新,2025-12-08,100135523177,中古マンション,43.64㎡,東京都渋谷区恵比寿２丁目,専属,"7,480万円",準工,171.5万円,リ・プレゼ恵比寿,2階,1ＬＤＫ,申込あり,"15,300円",566.7万円,日比谷線　広尾,徒歩　7分,東急リバブル（株）　恵比寿センター,2004年（平成16年） 3月,03-5794-9109,取引状況: 公開中 → 申込あり
更新,2025-12-08,100136972558,中古マンション,72.91㎡,東京都文京区千石１丁目,専任,"5,900万円",一中,81.0万円,徳川マンション,1階,2ＬＤＫ,申込あり,"18,900円",267.6万円,都営三田線　千石,徒歩　5分,住友不動産ステップ（株）　小石川営業センター,1971年（昭和46年） 2月,050-3112-9812,取引状況: 公開中 → 申込あり
更新,2025-12-08,100136716832,中古マンション,74.12㎡,東京都中央区晴海５丁目,専任,"16,500万円",商業,222.7万円,ＨＡＲＵＭＩ　ＦＬＡＧ　ＳＵＮ　ＶＩＬＬＡＧＥ　Ｔ棟,23階,3ＬＤＫ,公開中,"28,620円",736.0万円,大江戸線　勝どき,徒歩　18分,（株）アメニティー,2025年（令和 7年）10月,0354987011,"価格: 17,780万円 → 16,500万円"
更新,2025-12-08,100135964132,中古マンション,113.56㎡,東京都渋谷区渋谷３丁目,一般,"69,800万円",商業,614.7万円,プラウドタワー渋谷,25階,2ＬＤＫ,-,"53,830円","2,032.0万円",半蔵門線　渋谷,徒歩　5分,三井不動産リアルティ（株）三井のリアルプラン青山サロン,2025年（令和 7年） 3月,03-3409-6131,"価格: 71,000万円 → 69,800万円"
更新,2025-12-08,100132723789,新築マンション,50.61㎡,東京都文京区西片１丁目,専属,"10,980万円",二住,217.0万円,オープンレジデンシア文京西片,,2ＬＤＫ,申込あり,"16,700円",717.2万円,都営三田線　春日,徒歩　5分,朝日リビング（株）　新宿営業センター,2025年（令和 7年） 6月,07031552194,取引状況: 公開中 → 申込あり
更新,2025-12-08,100134306665,中古マンション,28.76㎡,東京都中央区日本橋３丁目,"専任
オーナーチェンジ","5,980万円",商業,208.0万円,ファミール東京グランリッツ,3階,ワンルーム,公開中,"8,600円",687.4万円,山手線　東京,徒歩　7分,住友不動産ステップ（株）　日本橋営業センター１課,2004年（平成16年） 8月,050-3112-9832,取引状況: 申込あり → 公開中
更新,2025-12-08,100136318465,中古マンション,64.59㎡,東京都中央区晴海３丁目,専属,"17,000万円",準工,263.2万円,ドゥ・トゥール,36階,2ＬＤＫ,公開中,"20,228円",870.1万円,大江戸線　勝どき,徒歩　5分,東急リバブル（株）　勝どきミッドセンター,2015年（平成27年） 9月,03-6882-0109,取引状況: 申込あり → 公開中
更新,2025-12-08,200136817883,新築マンション,47.10㎡,東京都新宿区高田馬場４丁目,代理,"9,350万円",一住,198.6万円,パークシティ高田馬場,4階,1ＬＤＫ,-,"17,330円",656.3万円,山手線　高田馬場,徒歩　7分,（株）龍雪不動産,2025年（令和 7年） 6月,070-9218-7850,"価格: 9,380万円 → 9,350万円"
更新,2025-12-08,100136345596,中古マンション,109.39㎡,東京都港区東新橋１丁目,一般,"49,800万円",商業,455.3万円,ＴｏｋｙｏＴｗｉｎｐａｒｋｓＬｅｆｔｗｉｎｇ,29階,2ＬＤＫ,-,"40,500円","1,505.0万円",大江戸線　汐留,徒歩　3分,（株）城南コミュニティ　新宿店,2002年（平成14年） 9月,03-6279-3838,"価格: 56,000万円 → 49,800万円"
更新,2025-12-08,100136757546,中古マンション,30.60㎡,東京都新宿区新宿２丁目,専任,"3,500万円",商業,114.4万円,第２２宮庭マンション,3階,2Ｋ,申込あり,"6,500円",378.2万円,丸ノ内線　新宿御苑前,徒歩　3分,三井不動産リアルティ（株）三井のリハウス新宿センター,1980年（昭和55年） 1月,03-5339-2131,取引状況: 公開中 → 申込あり
更新,2025-12-08,100135538622,新築マンション,55.03㎡,東京都新宿区高田馬場４丁目,一般,"13,490万円",商業,245.2万円,パークシティ高田馬場　手有り１パー,7階,2ＬＤＫ,-,"20,250円",810.4万円,山手線　高田馬場,徒歩　7分,（株）ハイアーグラウンド,2025年（令和 7年） 6月,070-1180-4051,"価格: 13,980万円 → 13,490万円"
更新,2025-12-08,100136976852,中古マンション,22.50㎡,東京都新宿区山吹町,代理,"4,480万円",準工,199.2万円,クレヴィア山吹神楽坂,2階,1Ｋ,-,"11,000円",658.3万円,有楽町線　江戸川橋,徒歩　5分,（株）ＳＫコンサルティング,2022年（令和 4年） 1月,080-4939-4348,"価格: 4,600万円 → 4,480万円"
更新,2025-12-08,100134757719,中古マンション,38.36㎡,東京都渋谷区南平台町,専属,"4,080万円",二住,106.4万円,秀和第一南平台レジデンス,2階,ワンルーム,公開中,"14,100円",351.7万円,井の頭線　神泉,徒歩　9分,東急リバブル（株）　渋谷センター,1969年（昭和44年） 4月,03-3463-3911,"価格: 4,180万円 → 4,080万円"
更新,2025-12-08,100136485102,中古マンション,74.88㎡,東京都中央区勝どき４丁目,専任,"24,780万円",商業,331.0万円,パークタワー勝どきミッド,27階,3ＬＤＫ,公開中,"26,910円","1,094.0万円",大江戸線　勝どき,徒歩　1分,三井不動産リアルティ（株）三井のリハウス勝どきミッドセンター,2023年（令和 5年） 8月,03-5548-5331,取引状況: 申込あり → 公開中
